,Gene stable ID,Gene name,Pathway ID,Pathway name
0,ENSG00000233276,GPX1,GO:0006915,apoptosis
1,ENSG00000141527,CARD14,GO:0006915,apoptosis
2,ENSG00000144655,CSRNP1,GO:0006915,apoptosis
3,ENSG00000172005,MAL,GO:0006915,apoptosis
4,ENSG00000196337,CGB7,GO:0006915,apoptosis
5,ENSG00000159445,THEM4,GO:0006915,apoptosis
6,ENSG00000196712,NF1,GO:0006915,apoptosis
7,ENSG00000120868,APAF1,GO:0006915,apoptosis
8,ENSG00000068305,MEF2A,GO:0006915,apoptosis
9,ENSG00000064300,NGFR,GO:0006915,apoptosis
10,ENSG00000161642,ZNF385A,GO:0006915,apoptosis
11,ENSG00000139174,PRICKLE1,GO:0006915,apoptosis
12,ENSG00000064012,CASP8,GO:0006915,apoptosis
13,ENSG00000003400,CASP10,GO:0006915,apoptosis
14,ENSG00000163932,PRKCD,GO:0006915,apoptosis
15,ENSG00000121966,CXCR4,GO:0006915,apoptosis
16,ENSG00000158941,CCAR2,GO:0006915,apoptosis
17,ENSG00000049130,KITLG,GO:0006915,apoptosis
18,ENSG00000115317,HTRA2,GO:0006915,apoptosis
19,ENSG00000144354,CDCA7,GO:0006915,apoptosis
20,ENSG00000163141,BNIPL,GO:0006915,apoptosis
21,ENSG00000114416,FXR1,GO:0006915,apoptosis
22,ENSG00000071994,PDCD2,GO:0006915,apoptosis
23,ENSG00000114993,RTKN,GO:0006915,apoptosis
24,ENSG00000091106,NLRC4,GO:0006915,apoptosis
25,ENSG00000223443,USP17L2,GO:0006915,apoptosis
26,ENSG00000108984,MAP2K6,GO:0006915,apoptosis
27,ENSG00000137801,THBS1,GO:0006915,apoptosis
28,ENSG00000112062,MAPK14,GO:0006915,apoptosis
29,ENSG00000110719,TCIRG1,GO:0006915,apoptosis
30,ENSG00000006659,LGALS14,GO:0006915,apoptosis
31,ENSG00000164754,RAD21,GO:0006915,apoptosis
32,ENSG00000184047,DIABLO,GO:0006915,apoptosis
33,ENSG00000003756,RBM5,GO:0006915,apoptosis
34,ENSG00000128965,CHAC1,GO:0006915,apoptosis
35,ENSG00000114023,FAM162A,GO:0006915,apoptosis
36,ENSG00000083093,PALB2,GO:0006915,apoptosis
37,ENSG00000118503,TNFAIP3,GO:0006915,apoptosis
38,ENSG00000130758,MAP3K10,GO:0006915,apoptosis
39,ENSG00000182372,CLN8,GO:0006915,apoptosis
40,ENSG00000105221,AKT2,GO:0006915,apoptosis
41,ENSG00000144161,ZC3H8,GO:0006915,apoptosis
42,ENSG00000160551,TAOK1,GO:0006915,apoptosis
43,ENSG00000164850,GPER1,GO:0006915,apoptosis
44,ENSG00000127831,VIL1,GO:0006915,apoptosis
45,ENSG00000112996,MRPS30,GO:0006915,apoptosis
46,ENSG00000035664,DAPK2,GO:0006915,apoptosis
47,ENSG00000137843,PAK6,GO:0006915,apoptosis
48,ENSG00000120889,TNFRSF10B,GO:0006915,apoptosis
49,ENSG00000137752,CASP1,GO:0006915,apoptosis
50,ENSG00000173535,TNFRSF10C,GO:0006915,apoptosis
51,ENSG00000173530,TNFRSF10D,GO:0006915,apoptosis
52,ENSG00000104689,TNFRSF10A,GO:0006915,apoptosis
53,ENSG00000135472,FAIM2,GO:0006915,apoptosis
54,ENSG00000140299,BNIP2,GO:0006915,apoptosis
55,ENSG00000196470,SIAH1,GO:0006915,apoptosis
56,ENSG00000103460,TOX3,GO:0006915,apoptosis
57,ENSG00000087074,PPP1R15A,GO:0006915,apoptosis
58,ENSG00000105664,COMP,GO:0006915,apoptosis
59,ENSG00000156466,GDF6,GO:0006915,apoptosis
60,ENSG00000143382,ADAMTSL4,GO:0006915,apoptosis
61,ENSG00000170540,ARL6IP1,GO:0006915,apoptosis
62,ENSG00000133884,DPF2,GO:0006915,apoptosis
63,ENSG00000105327,BBC3,GO:0006915,apoptosis
64,ENSG00000129221,AIPL1,GO:0006915,apoptosis
65,ENSG00000060138,YBX3,GO:0006915,apoptosis
66,ENSG00000118046,STK11,GO:0006915,apoptosis
67,ENSG00000196776,CD47,GO:0006915,apoptosis
68,ENSG00000185104,FAF1,GO:0006915,apoptosis
69,ENSG00000170633,RNF34,GO:0006915,apoptosis
70,ENSG00000249861,LGALS16,GO:0006915,apoptosis
71,ENSG00000179950,PUF60,GO:0006915,apoptosis
72,ENSG00000134250,NOTCH2,GO:0006915,apoptosis
73,ENSG00000182985,CADM1,GO:0006915,apoptosis
74,ENSG00000105198,LGALS13,GO:0006915,apoptosis
75,ENSG00000118058,KMT2A,GO:0006915,apoptosis
76,ENSG00000116604,MEF2D,GO:0006915,apoptosis
77,ENSG00000142405,NLRP12,GO:0006915,apoptosis
78,ENSG00000104081,BMF,GO:0006915,apoptosis
79,ENSG00000061676,NCKAP1,GO:0006915,apoptosis
80,ENSG00000163161,ERCC3,GO:0006915,apoptosis
81,ENSG00000099860,GADD45B,GO:0006915,apoptosis
82,ENSG00000142224,IL19,GO:0006915,apoptosis
83,ENSG00000189283,FHIT,GO:0006915,apoptosis
84,ENSG00000023445,BIRC3,GO:0006915,apoptosis
85,ENSG00000110330,BIRC2,GO:0006915,apoptosis
86,ENSG00000144747,TMF1,GO:0006915,apoptosis
87,ENSG00000174307,PHLDA3,GO:0006915,apoptosis
88,ENSG00000158019,BABAM2,GO:0006915,apoptosis
89,ENSG00000149554,CHEK1,GO:0006915,apoptosis
90,ENSG00000206579,XKR4,GO:0006915,apoptosis
91,ENSG00000108443,RPS6KB1,GO:0006915,apoptosis
92,ENSG00000172936,MYD88,GO:0006915,apoptosis
93,ENSG00000164741,DLC1,GO:0006915,apoptosis
94,ENSG00000105058,FAM32A,GO:0006915,apoptosis
95,ENSG00000141741,MIEN1,GO:0006915,apoptosis
96,ENSG00000186010,NDUFA13,GO:0006915,apoptosis
97,ENSG00000115760,BIRC6,GO:0006915,apoptosis
98,ENSG00000092529,CAPN3,GO:0006915,apoptosis
99,ENSG00000132155,RAF1,GO:0006915,apoptosis
100,ENSG00000266094,RASSF5,GO:0006915,apoptosis
101,ENSG00000116001,TIA1,GO:0006915,apoptosis
102,ENSG00000166181,API5,GO:0006915,apoptosis
103,ENSG00000104312,RIPK2,GO:0006915,apoptosis
104,ENSG00000110422,HIPK3,GO:0006915,apoptosis
105,ENSG00000255346,NOX5,GO:0006915,apoptosis
106,ENSG00000141510,TP53,GO:0006915,apoptosis
107,ENSG00000259571,BLID,GO:0006915,apoptosis
108,ENSG00000115041,KCNIP3,GO:0006915,apoptosis
109,ENSG00000189334,S100A14,GO:0006915,apoptosis
110,ENSG00000185880,TRIM69,GO:0006915,apoptosis
111,ENSG00000120885,CLU,GO:0006915,apoptosis
112,ENSG00000166949,SMAD3,GO:0006915,apoptosis
113,ENSG00000184254,ALDH1A3,GO:0006915,apoptosis
114,ENSG00000132530,XAF1,GO:0006915,apoptosis
115,ENSG00000115310,RTN4,GO:0006915,apoptosis
116,ENSG00000115561,CHMP3,GO:0006915,apoptosis
117,ENSG00000086666,ZFAND6,GO:0006915,apoptosis
118,ENSG00000141378,PTRH2,GO:0006915,apoptosis
119,ENSG00000121068,TBX2,GO:0006915,apoptosis
120,ENSG00000230549,USP17L1,GO:0006915,apoptosis
121,ENSG00000225327,USP17L3,GO:0006915,apoptosis
122,ENSG00000147654,EBAG9,GO:0006915,apoptosis
123,ENSG00000080031,PTPRH,GO:0006915,apoptosis
124,ENSG00000144366,GULP1,GO:0006915,apoptosis
125,ENSG00000110514,MADD,GO:0006915,apoptosis
126,ENSG00000159202,UBE2Z,GO:0006915,apoptosis
127,ENSG00000115008,IL1A,GO:0006915,apoptosis
128,ENSG00000178568,ERBB4,GO:0006915,apoptosis
129,ENSG00000139289,PHLDA1,GO:0006915,apoptosis
130,ENSG00000183763,TRAIP,GO:0006915,apoptosis
131,ENSG00000213585,VDAC1,GO:0006915,apoptosis
132,ENSG00000155957,TMBIM4,GO:0006915,apoptosis
133,ENSG00000140379,BCL2A1,GO:0006915,apoptosis
134,ENSG00000090470,PDCD7,GO:0006915,apoptosis
135,ENSG00000112977,DAP,GO:0006915,apoptosis
136,ENSG00000008128,CDK11A,GO:0006915,apoptosis
137,ENSG00000135679,MDM2,GO:0006915,apoptosis
138,ENSG00000171307,ZDHHC16,GO:0006915,apoptosis
139,ENSG00000096092,TMEM14A,GO:0006915,apoptosis
140,ENSG00000197442,MAP3K5,GO:0006915,apoptosis
141,ENSG00000112333,NR2E1,GO:0006915,apoptosis
142,ENSG00000162892,IL24,GO:0006915,apoptosis
143,ENSG00000087088,BAX,GO:0006915,apoptosis
144,ENSG00000106799,TGFBR1,GO:0006915,apoptosis
145,ENSG00000135439,AGAP2,GO:0006915,apoptosis
146,ENSG00000112115,IL17A,GO:0006915,apoptosis
147,ENSG00000185127,C6orf120,GO:0006915,apoptosis
148,ENSG00000204599,TRIM39,GO:0006915,apoptosis
149,ENSG00000131943,C19orf12,GO:0006915,apoptosis
150,ENSG00000103811,CTSH,GO:0006915,apoptosis
151,ENSG00000123612,ACVR1C,GO:0006915,apoptosis
152,ENSG00000143384,MCL1,GO:0006915,apoptosis
153,ENSG00000168040,FADD,GO:0006915,apoptosis
154,ENSG00000091592,NLRP1,GO:0006915,apoptosis
155,ENSG00000239697,TNFSF12,GO:0006915,apoptosis
156,ENSG00000144468,RHBDD1,GO:0006915,apoptosis
157,ENSG00000081189,MEF2C,GO:0006915,apoptosis
158,ENSG00000001460,STPG1,GO:0006915,apoptosis
159,ENSG00000011332,DPF1,GO:0006915,apoptosis
160,ENSG00000173157,ADAMTS20,GO:0006915,apoptosis
161,ENSG00000198300,PEG3,GO:0006915,apoptosis
162,ENSG00000177595,PIDD1,GO:0006915,apoptosis
163,ENSG00000166224,SGPL1,GO:0006915,apoptosis
164,ENSG00000167531,LALBA,GO:0006915,apoptosis
165,ENSG00000111276,CDKN1B,GO:0006915,apoptosis
166,ENSG00000204463,BAG6,GO:0006915,apoptosis
167,ENSG00000120899,PTK2B,GO:0006915,apoptosis
168,ENSG00000135002,RFK,GO:0006915,apoptosis
169,ENSG00000122862,SRGN,GO:0006915,apoptosis
170,ENSG00000175197,DDIT3,GO:0006915,apoptosis
171,ENSG00000023287,RB1CC1,GO:0006915,apoptosis
172,ENSG00000137409,MTCH1,GO:0006915,apoptosis
173,ENSG00000137193,PIM1,GO:0006915,apoptosis
174,ENSG00000172667,ZMAT3,GO:0006915,apoptosis
175,ENSG00000143543,JTB,GO:0006915,apoptosis
176,ENSG00000104375,STK3,GO:0006915,apoptosis
177,ENSG00000169598,DFFB,GO:0006915,apoptosis
178,ENSG00000169857,AVEN,GO:0006915,apoptosis
179,ENSG00000167654,ATCAY,GO:0006915,apoptosis
180,ENSG00000010322,NISCH,GO:0006915,apoptosis
181,ENSG00000167657,DAPK3,GO:0006915,apoptosis
182,ENSG00000049656,CLPTM1L,GO:0006915,apoptosis
183,ENSG00000172113,NME6,GO:0006915,apoptosis
184,ENSG00000023572,GLRX2,GO:0006915,apoptosis
185,ENSG00000249437,NAIP,GO:0006915,apoptosis
186,ENSG00000197930,ERO1A,GO:0006915,apoptosis
187,ENSG00000104499,GML,GO:0006915,apoptosis
188,ENSG00000103429,BFAR,GO:0006915,apoptosis
189,ENSG00000215788,TNFRSF25,GO:0006915,apoptosis
190,ENSG00000139437,TCHP,GO:0006915,apoptosis
191,ENSG00000149089,APIP,GO:0006915,apoptosis
192,ENSG00000150995,ITPR1,GO:0006915,apoptosis
193,ENSG00000119777,TMEM214,GO:0006915,apoptosis
194,ENSG00000130479,MAP1S,GO:0006915,apoptosis
195,ENSG00000131653,TRAF7,GO:0006915,apoptosis
196,ENSG00000105388,CEACAM5,GO:0006915,apoptosis
197,ENSG00000086548,CEACAM6,GO:0006915,apoptosis
198,ENSG00000166337,TAF10,GO:0006915,apoptosis
199,ENSG00000260596,DUX4,GO:0006915,apoptosis
200,ENSG00000188976,NOC2L,GO:0006915,apoptosis
201,ENSG00000118515,SGK1,GO:0006915,apoptosis
202,ENSG00000126453,BCL2L12,GO:0006915,apoptosis
203,ENSG00000105612,DNASE2,GO:0006915,apoptosis
204,ENSG00000029725,RABEP1,GO:0006915,apoptosis
205,ENSG00000111537,IFNG,GO:0006915,apoptosis
206,ENSG00000108561,C1QBP,GO:0006915,apoptosis
207,ENSG00000082512,TRAF5,GO:0006915,apoptosis
208,ENSG00000159593,NAE1,GO:0006915,apoptosis
209,ENSG00000135341,MAP3K7,GO:0006915,apoptosis
210,ENSG00000075388,FGF4,GO:0006915,apoptosis
211,ENSG00000081791,DELE1,GO:0006915,apoptosis
212,ENSG00000138606,SHF,GO:0006915,apoptosis
213,ENSG00000163602,RYBP,GO:0006915,apoptosis
214,ENSG00000198087,CD2AP,GO:0006915,apoptosis
215,ENSG00000121361,KCNJ8,GO:0006915,apoptosis
216,ENSG00000180053,NKX2-6,GO:0006915,apoptosis
217,ENSG00000105483,CARD8,GO:0006915,apoptosis
218,ENSG00000164978,NUDT2,GO:0006915,apoptosis
219,ENSG00000030110,BAK1,GO:0006915,apoptosis
220,ENSG00000077092,RARB,GO:0006915,apoptosis
221,ENSG00000137462,TLR2,GO:0006915,apoptosis
222,ENSG00000145423,SFRP2,GO:0006915,apoptosis
223,ENSG00000185043,CIB1,GO:0006915,apoptosis
224,ENSG00000078098,FAP,GO:0006915,apoptosis
225,ENSG00000126709,IFI6,GO:0006915,apoptosis
226,ENSG00000003402,CFLAR,GO:0006915,apoptosis
227,ENSG00000112715,VEGFA,GO:0006915,apoptosis
228,ENSG00000158796,DEDD,GO:0006915,apoptosis
229,ENSG00000204209,DAXX,GO:0006915,apoptosis
230,ENSG00000137875,BCL2L10,GO:0006915,apoptosis
231,ENSG00000130669,PAK4,GO:0006915,apoptosis
232,ENSG00000085741,WNT11,GO:0006915,apoptosis
233,ENSG00000156171,DRAM2,GO:0006915,apoptosis
234,ENSG00000165458,INPPL1,GO:0006915,apoptosis
235,ENSG00000173769,TOPAZ1,GO:0006915,apoptosis
236,ENSG00000143799,PARP1,GO:0006915,apoptosis
237,ENSG00000164938,TP53INP1,GO:0006915,apoptosis
238,ENSG00000068078,FGFR3,GO:0006915,apoptosis
239,ENSG00000172115,CYCS,GO:0006915,apoptosis
240,ENSG00000067182,TNFRSF1A,GO:0006915,apoptosis
241,ENSG00000198373,WWP2,GO:0006915,apoptosis
242,ENSG00000148935,GAS2,GO:0006915,apoptosis
243,ENSG00000214253,FIS1,GO:0006915,apoptosis
244,ENSG00000145088,EAF2,GO:0006915,apoptosis
245,ENSG00000022556,NLRP2,GO:0006915,apoptosis
246,ENSG00000140939,NOL3,GO:0006915,apoptosis
247,ENSG00000124440,HIF3A,GO:0006915,apoptosis
248,ENSG00000127666,TICAM1,GO:0006915,apoptosis
249,ENSG00000070501,POLB,GO:0006915,apoptosis
250,ENSG00000248333,CDK11B,GO:0006915,apoptosis
251,ENSG00000164054,SHISA5,GO:0006915,apoptosis
252,ENSG00000115966,ATF2,GO:0006915,apoptosis
253,ENSG00000182168,UNC5C,GO:0006915,apoptosis
254,ENSG00000143387,CTSK,GO:0006915,apoptosis
255,ENSG00000186153,WWOX,GO:0006915,apoptosis
256,ENSG00000163131,CTSS,GO:0006915,apoptosis
257,ENSG00000161011,SQSTM1,GO:0006915,apoptosis
258,ENSG00000176907,TCIM,GO:0006915,apoptosis
259,ENSG00000108405,P2RX1,GO:0006915,apoptosis
260,ENSG00000133048,CHI3L1,GO:0006915,apoptosis
261,ENSG00000092853,CLSPN,R-HSA-109581,apoptosis
262,ENSG00000170027,YWHAG,R-HSA-109581,apoptosis
263,ENSG00000162600,OMA1,R-HSA-109581,apoptosis
264,ENSG00000264364,DYNLL2,R-HSA-109581,apoptosis
265,ENSG00000115233,PSMD14,R-HSA-109581,apoptosis
266,ENSG00000221823,PPP3R1,R-HSA-109581,apoptosis
267,ENSG00000106588,PSMA2,R-HSA-109581,apoptosis
268,ENSG00000161057,PSMC2,R-HSA-109581,apoptosis
269,ENSG00000013275,PSMC4,R-HSA-109581,apoptosis
270,ENSG00000136279,DBNL,R-HSA-109581,apoptosis
271,ENSG00000108424,KPNB1,R-HSA-109581,apoptosis
272,ENSG00000124610,H1-1,R-HSA-109581,apoptosis
273,ENSG00000168298,H1-4,R-HSA-109581,apoptosis
274,ENSG00000243414,TICAM2,R-HSA-109581,apoptosis
275,ENSG00000026025,VIM,R-HSA-109581,apoptosis
276,ENSG00000175166,PSMD2,R-HSA-109581,apoptosis
277,ENSG00000142507,PSMB6,R-HSA-109581,apoptosis
278,ENSG00000278718,GSDMD,R-HSA-109581,apoptosis
279,ENSG00000230669,PSMB8,R-HSA-109581,apoptosis
280,ENSG00000243958,PSMB9,R-HSA-109581,apoptosis
281,ENSG00000197822,OCLN,R-HSA-109581,apoptosis
282,ENSG00000242711,PSMB9,R-HSA-109581,apoptosis
283,ENSG00000184357,H1-5,R-HSA-109581,apoptosis
284,ENSG00000114126,TFDP2,R-HSA-109581,apoptosis
285,ENSG00000163636,PSMD6,R-HSA-109581,apoptosis
286,ENSG00000108953,YWHAE,R-HSA-109581,apoptosis
287,ENSG00000039068,CDH1,R-HSA-109581,apoptosis
288,ENSG00000124575,H1-3,R-HSA-109581,apoptosis
289,ENSG00000136448,NMT1,R-HSA-109581,apoptosis
290,ENSG00000126067,PSMB2,R-HSA-109581,apoptosis
291,ENSG00000166913,YWHAB,R-HSA-109581,apoptosis
292,ENSG00000164104,HMGB2,R-HSA-109581,apoptosis
293,ENSG00000284916,PSME1,R-HSA-109581,apoptosis
294,ENSG00000284889,PSME2,R-HSA-109581,apoptosis
295,ENSG00000101182,PSMA7,R-HSA-109581,apoptosis
296,ENSG00000134757,DSG3,R-HSA-109581,apoptosis
297,ENSG00000198176,TFDP1,R-HSA-109581,apoptosis
298,ENSG00000128245,YWHAH,R-HSA-109581,apoptosis
299,ENSG00000125818,PSMF1,R-HSA-109581,apoptosis
300,ENSG00000134760,DSG1,R-HSA-109581,apoptosis
301,ENSG00000154611,PSMA8,R-HSA-109581,apoptosis
302,ENSG00000100764,PSMC1,R-HSA-109581,apoptosis
303,ENSG00000105928,GSDME,R-HSA-109581,apoptosis
304,ENSG00000100804,PSMB5,R-HSA-109581,apoptosis
305,ENSG00000222028,PSMB11,R-HSA-109581,apoptosis
306,ENSG00000189403,HMGB1,R-HSA-109581,apoptosis
307,ENSG00000277401,TJP1,R-HSA-109581,apoptosis
308,ENSG00000276155,MAPT,R-HSA-109581,apoptosis
309,ENSG00000274474,YWHAE,R-HSA-109581,apoptosis
310,ENSG00000092010,PSME1,R-HSA-109581,apoptosis
311,ENSG00000100911,PSME2,R-HSA-109581,apoptosis
312,ENSG00000277956,MAPT,R-HSA-109581,apoptosis
313,ENSG00000100567,PSMA3,R-HSA-109581,apoptosis
314,ENSG00000119139,TJP2,R-HSA-109581,apoptosis
315,ENSG00000189060,H1-0,R-HSA-109581,apoptosis
316,ENSG00000071205,ARHGAP10,R-HSA-109581,apoptosis
317,ENSG00000275903,PSMB3,R-HSA-109581,apoptosis
318,ENSG00000046604,DSG2,R-HSA-109581,apoptosis
319,ENSG00000157500,APPL1,R-HSA-109581,apoptosis
320,ENSG00000095261,PSMD5,R-HSA-109581,apoptosis
321,ENSG00000008018,PSMB1,R-HSA-109581,apoptosis
322,ENSG00000100902,PSMA6,R-HSA-109581,apoptosis
323,ENSG00000281221,PSMC4,R-HSA-109581,apoptosis
324,ENSG00000136930,PSMB7,R-HSA-109581,apoptosis
325,ENSG00000235715,PSMB8,R-HSA-109581,apoptosis
326,ENSG00000185627,PSMD13,R-HSA-109581,apoptosis
327,ENSG00000134982,APC,R-HSA-109581,apoptosis
328,ENSG00000087470,DNM1L,R-HSA-109581,apoptosis
329,ENSG00000087191,PSMC5,R-HSA-109581,apoptosis
330,ENSG00000104518,GSDMD,R-HSA-109581,apoptosis
331,ENSG00000099341,PSMD8,R-HSA-109581,apoptosis
332,ENSG00000186868,MAPT,R-HSA-109581,apoptosis
333,ENSG00000114030,KPNA1,R-HSA-109581,apoptosis
334,ENSG00000197170,PSMD12,R-HSA-109581,apoptosis
335,ENSG00000068878,PSME4,R-HSA-109581,apoptosis
336,ENSG00000110801,PSMD9,R-HSA-109581,apoptosis
337,ENSG00000178209,PLEC,R-HSA-109581,apoptosis
338,ENSG00000154589,LY96,R-HSA-109581,apoptosis
339,ENSG00000168522,FNTA,R-HSA-109581,apoptosis
340,ENSG00000096696,DSP,R-HSA-109581,apoptosis
341,ENSG00000240065,PSMB9,R-HSA-109581,apoptosis
342,ENSG00000187837,H1-2,R-HSA-109581,apoptosis
343,ENSG00000169398,PTK2,R-HSA-109581,apoptosis
344,ENSG00000182568,SATB1,R-HSA-109581,apoptosis
345,ENSG00000168610,STAT3,R-HSA-109581,apoptosis
346,ENSG00000134308,YWHAQ,R-HSA-109581,apoptosis
347,ENSG00000175793,SFN,R-HSA-109581,apoptosis
348,ENSG00000108344,PSMD3,R-HSA-109581,apoptosis
349,ENSG00000081277,PKP1,R-HSA-109581,apoptosis
350,ENSG00000129084,PSMA1,R-HSA-109581,apoptosis
351,ENSG00000168036,CTNNB1,R-HSA-109581,apoptosis
352,ENSG00000143106,PSMA5,R-HSA-109581,apoptosis
353,ENSG00000159377,PSMB4,R-HSA-109581,apoptosis
354,ENSG00000108671,PSMD11,R-HSA-109581,apoptosis
355,ENSG00000120910,PPP3CC,R-HSA-109581,apoptosis
356,ENSG00000104067,TJP1,R-HSA-109581,apoptosis
357,ENSG00000150991,UBC,R-HSA-109581,apoptosis
358,ENSG00000148180,GSN,R-HSA-109581,apoptosis
359,ENSG00000243067,PSMB9,R-HSA-109581,apoptosis
360,ENSG00000136869,TLR4,R-HSA-109581,apoptosis
361,ENSG00000239836,PSMB9,R-HSA-109581,apoptosis
362,ENSG00000159352,PSMD4,R-HSA-109581,apoptosis
363,ENSG00000230034,PSMB8,R-HSA-109581,apoptosis
364,ENSG00000173692,PSMD1,R-HSA-109581,apoptosis
365,ENSG00000240118,PSMB9,R-HSA-109581,apoptosis
366,ENSG00000041357,PSMA4,R-HSA-109581,apoptosis
367,ENSG00000243594,PSMB9,R-HSA-109581,apoptosis
368,ENSG00000127922,SEM1,R-HSA-109581,apoptosis
369,ENSG00000137831,UACA,R-HSA-109581,apoptosis
370,ENSG00000165916,PSMC3,R-HSA-109581,apoptosis
371,ENSG00000087274,ADD1,R-HSA-109581,apoptosis
372,ENSG00000226201,PSMB8,R-HSA-109581,apoptosis
373,ENSG00000240508,PSMB9,R-HSA-109581,apoptosis
374,ENSG00000221983,UBA52,R-HSA-109581,apoptosis
375,ENSG00000170315,UBB,R-HSA-109581,apoptosis
376,ENSG00000206298,PSMB8,R-HSA-109581,apoptosis
377,ENSG00000103035,PSMD7,R-HSA-109581,apoptosis
378,ENSG00000164924,YWHAZ,R-HSA-109581,apoptosis
379,ENSG00000065675,PRKCQ,R-HSA-109581,apoptosis
380,ENSG00000277791,PSMB3,R-HSA-109581,apoptosis
381,ENSG00000236443,PSMB8,R-HSA-109581,apoptosis
382,ENSG00000205220,PSMB10,R-HSA-109581,apoptosis
383,ENSG00000179222,MAGED1,R-HSA-109581,apoptosis
384,ENSG00000100519,PSMC6,R-HSA-109581,apoptosis
385,ENSG00000204264,PSMB8,R-HSA-109581,apoptosis
386,ENSG00000143947,RPS27A,R-HSA-109581,apoptosis
387,ENSG00000231631,PSMB8,R-HSA-109581,apoptosis
388,ENSG00000126934,MAP2K2,hsa04210,apoptosis
389,ENSG00000169032,MAP2K1,hsa04210,apoptosis
390,ENSG00000213281,NRAS,hsa04210,apoptosis
391,ENSG00000168710,AHCYL1,GO:0006915,apoptosis
392,ENSG00000162604,TM2D1,GO:0006915,apoptosis
393,ENSG00000078900,TP73,GO:0006915,apoptosis
394,ENSG00000075945,KIFAP3,GO:0006915,apoptosis
395,ENSG00000160710,ADAR,GO:0006915,apoptosis
396,ENSG00000169174,PCSK9,GO:0006915,apoptosis
397,ENSG00000162734,PEA15,GO:0006915,apoptosis
398,ENSG00000142856,ITGB3BP,GO:0006915,apoptosis
399,ENSG00000132906,CASP9,GO:0006915,apoptosis
400,ENSG00000142627,EPHA2,GO:0006915,apoptosis
401,ENSG00000073754,CD5L,GO:0006915,apoptosis
402,ENSG00000177551,NHLH2,GO:0006915,apoptosis
403,ENSG00000173846,PLK3,GO:0006915,apoptosis
404,ENSG00000097033,SH3GLB1,GO:0006915,apoptosis
405,ENSG00000228978,TNF,hsa04210,apoptosis
406,ENSG00000228849,TNF,hsa04210,apoptosis
407,ENSG00000230108,TNF,hsa04210,apoptosis
408,ENSG00000223952,TNF,hsa04210,apoptosis
409,ENSG00000228321,TNF,hsa04210,apoptosis
410,ENSG00000206439,TNF,hsa04210,apoptosis
411,ENSG00000232810,TNF,hsa04210,apoptosis
412,ENSG00000123416,TUBA1B,hsa04210,apoptosis
413,ENSG00000127824,TUBA4A,hsa04210,apoptosis
414,ENSG00000198033,TUBA3C,hsa04210,apoptosis
415,ENSG00000167552,TUBA1A,hsa04210,apoptosis
416,ENSG00000167553,TUBA1C,hsa04210,apoptosis
417,ENSG00000183785,TUBA8,hsa04210,apoptosis
418,ENSG00000292120,TUBA3E,hsa04210,apoptosis
419,ENSG00000204490,TNF,hsa04210,apoptosis
420,ENSG00000121454,LHX4,GO:0006915,apoptosis
421,ENSG00000163545,NUAK2,GO:0006915,apoptosis
422,ENSG00000142867,BCL10,GO:0006915,apoptosis
423,ENSG00000142227,EMP3,GO:0006915,apoptosis
424,ENSG00000163513,TGFBR2,GO:0006915,apoptosis
425,ENSG00000125735,TNFSF14,GO:0006915,apoptosis
426,ENSG00000105290,APLP1,GO:0006915,apoptosis
427,ENSG00000181649,PHLDA2,GO:0006915,apoptosis
428,ENSG00000109854,HTATIP2,GO:0006915,apoptosis
429,ENSG00000081320,STK17B,GO:0006915,apoptosis
430,ENSG00000105185,PDCD5,GO:0006915,apoptosis
431,ENSG00000153094,BCL2L11,GO:0006915,apoptosis
432,ENSG00000073111,MCM2,GO:0006915,apoptosis
433,ENSG00000178662,CSRNP3,GO:0006915,apoptosis
434,ENSG00000181788,SIAH2,GO:0006915,apoptosis
435,ENSG00000163565,IFI16,GO:0006915,apoptosis
436,ENSG00000123689,G0S2,GO:0006915,apoptosis
437,ENSG00000134684,YARS1,GO:0006915,apoptosis
438,ENSG00000158234,FAIM,GO:0006915,apoptosis
439,ENSG00000115539,PDCL3,GO:0006915,apoptosis
440,ENSG00000115107,STEAP3,GO:0006915,apoptosis
441,ENSG00000188389,PDCD1,GO:0006915,apoptosis
442,ENSG00000054523,KIF1B,GO:0006915,apoptosis
443,ENSG00000188761,BCL2L15,GO:0006915,apoptosis
444,ENSG00000143514,TP53BP2,GO:0006915,apoptosis
445,ENSG00000116717,GADD45A,GO:0006915,apoptosis
446,ENSG00000163220,S100A9,GO:0006915,apoptosis
447,ENSG00000143546,S100A8,GO:0006915,apoptosis
448,ENSG00000186891,TNFRSF18,GO:0006915,apoptosis
449,ENSG00000117560,FASLG,GO:0006915,apoptosis
450,ENSG00000049249,TNFRSF9,GO:0006915,apoptosis
451,ENSG00000116285,ERRFI1,GO:0006915,apoptosis
452,ENSG00000152086,TUBA3E,hsa04210,apoptosis
453,ENSG00000075886,TUBA3D,hsa04210,apoptosis
454,ENSG00000178462,TUBAL3,hsa04210,apoptosis
455,ENSG00000291420,ACTG1,hsa04210,apoptosis
456,ENSG00000177606,JUN,hsa04210,apoptosis
457,ENSG00000170345,FOS,hsa04210,apoptosis
458,ENSG00000282637,MAP3K14,hsa04210,apoptosis
459,ENSG00000006062,MAP3K14,hsa04210,apoptosis
460,ENSG00000213341,CHUK,hsa04210,apoptosis
461,ENSG00000104365,IKBKB,hsa04210,apoptosis
462,ENSG00000100906,NFKBIA,hsa04210,apoptosis
463,ENSG00000173039,RELA,hsa04210,apoptosis
464,ENSG00000163629,PTPN13,hsa04210,apoptosis
465,ENSG00000149311,ATM,hsa04210,apoptosis
466,ENSG00000134259,NGF,hsa04210,apoptosis
467,ENSG00000198400,NTRK1,hsa04210,apoptosis
468,ENSG00000164399,IL3,hsa04210,apoptosis
469,ENSG00000292332,IL3RA,hsa04210,apoptosis
470,ENSG00000185291,IL3RA,hsa04210,apoptosis
471,ENSG00000100368,CSF2RB,hsa04210,apoptosis
472,ENSG00000121879,PIK3CA,hsa04210,apoptosis
473,ENSG00000171608,PIK3CD,hsa04210,apoptosis
474,ENSG00000051382,PIK3CB,hsa04210,apoptosis
475,ENSG00000145675,PIK3R1,hsa04210,apoptosis
476,ENSG00000105647,PIK3R2,hsa04210,apoptosis
477,ENSG00000117461,PIK3R3,hsa04210,apoptosis
478,ENSG00000278139,P3R3URF-PIK3R3,hsa04210,apoptosis
479,ENSG00000140992,PDPK1,hsa04210,apoptosis
480,ENSG00000275199,AKT3,hsa04210,apoptosis
481,ENSG00000117020,AKT3,hsa04210,apoptosis
482,ENSG00000276536,HRAS,hsa04210,apoptosis
483,ENSG00000174775,HRAS,hsa04210,apoptosis
484,ENSG00000133703,KRAS,hsa04210,apoptosis
485,ENSG00000050748,MAPK9,hsa04210,apoptosis
486,ENSG00000164761,TNFRSF11B,GO:0006915,apoptosis
487,ENSG00000109339,MAPK10,hsa04210,apoptosis
488,ENSG00000229396,DAXX,hsa04210,apoptosis
489,ENSG00000184009,ACTG1,hsa04210,apoptosis
490,ENSG00000075624,ACTB,hsa04210,apoptosis
491,ENSG00000197694,SPTAN1,hsa04210,apoptosis
492,ENSG00000160789,LMNA,hsa04210,apoptosis
493,ENSG00000113368,LMNB1,hsa04210,apoptosis
494,ENSG00000176619,LMNB2,hsa04210,apoptosis
495,ENSG00000291803,PARP2,hsa04210,apoptosis
496,ENSG00000129484,PARP2,hsa04210,apoptosis
497,ENSG00000041880,PARP3,hsa04210,apoptosis
498,ENSG00000102699,PARP4,hsa04210,apoptosis
499,ENSG00000167136,ENDOG,hsa04210,apoptosis
500,ENSG00000123104,ITPR2,hsa04210,apoptosis
501,ENSG00000096433,ITPR3,hsa04210,apoptosis
502,ENSG00000014216,CAPN1,hsa04210,apoptosis
503,ENSG00000162909,CAPN2,hsa04210,apoptosis
504,ENSG00000291983,CASP12,hsa04210,apoptosis
505,ENSG00000204403,CASP12,hsa04210,apoptosis
506,ENSG00000172071,EIF2AK3,hsa04210,apoptosis
507,ENSG00000134001,EIF2S1,hsa04210,apoptosis
508,ENSG00000128272,ATF4,hsa04210,apoptosis
509,ENSG00000285132,CTSB,hsa04210,apoptosis
510,ENSG00000164733,CTSB,hsa04210,apoptosis
511,ENSG00000117984,CTSD,hsa04210,apoptosis
512,ENSG00000174080,CTSF,hsa04210,apoptosis
513,ENSG00000135047,CTSL,hsa04210,apoptosis
514,ENSG00000263238,CTSO,hsa04210,apoptosis
515,ENSG00000256043,CTSO,hsa04210,apoptosis
516,ENSG00000172543,CTSW,hsa04210,apoptosis
517,ENSG00000101160,CTSZ,hsa04210,apoptosis
518,ENSG00000107643,MAPK8,hsa04210,apoptosis
519,ENSG00000107262,BAG1,GO:0006915,apoptosis
520,ENSG00000166313,APBB1,GO:0006915,apoptosis
521,ENSG00000055163,CYFIP2,GO:0006915,apoptosis
522,ENSG00000147912,FBXO10,GO:0006915,apoptosis
523,ENSG00000065320,NTN1,GO:0006915,apoptosis
524,ENSG00000119977,TCTN3,GO:0006915,apoptosis
525,ENSG00000006327,TNFRSF12A,GO:0006915,apoptosis
526,ENSG00000198964,SGMS1,GO:0006915,apoptosis
527,ENSG00000107338,SHB,GO:0006915,apoptosis
528,ENSG00000124256,ZBP1,GO:0006915,apoptosis
529,ENSG00000227268,KLLN,GO:0006915,apoptosis
530,ENSG00000100450,GZMH,GO:0006915,apoptosis
531,ENSG00000067900,ROCK1,GO:0006915,apoptosis
532,ENSG00000149273,RPS3,GO:0006915,apoptosis
533,ENSG00000092140,G2E3,GO:0006915,apoptosis
534,ENSG00000196839,ADA,GO:0006915,apoptosis
535,ENSG00000113269,RNF130,GO:0006915,apoptosis
536,ENSG00000119922,IFIT2,GO:0006915,apoptosis
537,ENSG00000275399,NLRP2,GO:0006915,apoptosis
538,ENSG00000249751,ECSCR,GO:0006915,apoptosis
539,ENSG00000276296,TFPT,GO:0006915,apoptosis
540,ENSG00000111707,SUDS3,GO:0006915,apoptosis
541,ENSG00000169372,CRADD,GO:0006915,apoptosis
542,ENSG00000065559,MAP2K4,GO:0006915,apoptosis
543,ENSG00000136048,DRAM1,GO:0006915,apoptosis
544,ENSG00000183258,DDX41,GO:0006915,apoptosis
545,ENSG00000275086,TFPT,GO:0006915,apoptosis
546,ENSG00000151923,TIAL1,GO:0006915,apoptosis
547,ENSG00000276726,DNAJA3,GO:0006915,apoptosis
548,ENSG00000275843,NLRP2,GO:0006915,apoptosis
549,ENSG00000118689,FOXO3,GO:0006915,apoptosis
550,ENSG00000149547,EI24,GO:0006915,apoptosis
551,ENSG00000125538,IL1B,GO:0006915,apoptosis
552,ENSG00000256870,SLC5A8,GO:0006915,apoptosis
553,ENSG00000115363,EVA1A,GO:0006915,apoptosis
554,ENSG00000077684,JADE1,GO:0006915,apoptosis
555,ENSG00000183773,AIFM3,GO:0006915,apoptosis
556,ENSG00000125398,SOX9,GO:0006915,apoptosis
557,ENSG00000126249,PDCD2L,GO:0006915,apoptosis
558,ENSG00000217442,SYCE3,GO:0006915,apoptosis
559,ENSG00000134602,STK26,GO:0006915,apoptosis
560,ENSG00000029363,BCLAF1,GO:0006915,apoptosis
561,ENSG00000100034,PPM1F,GO:0006915,apoptosis
562,ENSG00000149930,TAOK2,GO:0006915,apoptosis
563,ENSG00000113580,NR3C1,GO:0006915,apoptosis
564,ENSG00000064393,HIPK2,GO:0006915,apoptosis
565,ENSG00000168209,DDIT4,GO:0006915,apoptosis
566,ENSG00000274638,NLRP2,GO:0006915,apoptosis
567,ENSG00000102882,MAPK3,GO:0006915,apoptosis
568,ENSG00000129473,BCL2L2,GO:0006915,apoptosis
569,ENSG00000187323,DCC,GO:0006915,apoptosis
570,ENSG00000187838,PLSCR3,GO:0006915,apoptosis
571,ENSG00000181284,TMEM102,GO:0006915,apoptosis
572,ENSG00000277443,MARCKS,GO:0006915,apoptosis
573,ENSG00000146072,TNFRSF21,GO:0006915,apoptosis
574,ENSG00000114446,IFT57,GO:0006915,apoptosis
575,ENSG00000108179,PPIF,GO:0006915,apoptosis
576,ENSG00000179593,ALOX15B,GO:0006915,apoptosis
577,ENSG00000120498,TEX11,GO:0006915,apoptosis
578,ENSG00000057663,ATG5,GO:0006915,apoptosis
579,ENSG00000183072,NKX2-5,GO:0006915,apoptosis
580,ENSG00000112378,PERP,GO:0006915,apoptosis
581,ENSG00000275618,BFAR,GO:0006915,apoptosis
582,ENSG00000243667,DNAAF10,GO:0006915,apoptosis
583,ENSG00000274336,CDIP1,GO:0006915,apoptosis
584,ENSG00000078747,ITCH,GO:0006915,apoptosis
585,ENSG00000169567,HINT1,GO:0006915,apoptosis
586,ENSG00000188611,ASAH2,GO:0006915,apoptosis
587,ENSG00000275013,PRAME,GO:0006915,apoptosis
588,ENSG00000180644,PRF1,GO:0006915,apoptosis
589,ENSG00000136943,CTSV,GO:0006915,apoptosis
590,ENSG00000100097,LGALS1,GO:0006915,apoptosis
591,ENSG00000085276,MECOM,GO:0006915,apoptosis
592,ENSG00000176171,BNIP3,GO:0006915,apoptosis
593,ENSG00000148400,NOTCH1,GO:0006915,apoptosis
594,ENSG00000274073,TFPT,GO:0006915,apoptosis
595,ENSG00000147378,FATE1,GO:0006915,apoptosis
596,ENSG00000121057,AKAP1,GO:0006915,apoptosis
597,ENSG00000118246,FASTKD2,GO:0006915,apoptosis
598,ENSG00000011275,RNF216,GO:0006915,apoptosis
599,ENSG00000276977,PDCD1,GO:0006915,apoptosis
600,ENSG00000100813,ACIN1,GO:0006915,apoptosis
601,ENSG00000166619,BLCAP,GO:0006915,apoptosis
602,ENSG00000273992,NLRP2,GO:0006915,apoptosis
603,ENSG00000149269,PAK1,GO:0006915,apoptosis
604,ENSG00000127334,DYRK2,GO:0006915,apoptosis
605,ENSG00000276504,TFPT,GO:0006915,apoptosis
606,ENSG00000176720,BOK,GO:0006915,apoptosis
607,ENSG00000275082,NLRP2,GO:0006915,apoptosis
608,ENSG00000100644,HIF1A,GO:0006915,apoptosis
609,ENSG00000150593,PDCD4,GO:0006915,apoptosis
610,ENSG00000165948,IFI27L1,GO:0006915,apoptosis
611,ENSG00000119632,IFI27L2,GO:0006915,apoptosis
612,ENSG00000163012,ZSWIM2,GO:0006915,apoptosis
613,ENSG00000084092,NOA1,GO:0006915,apoptosis
614,ENSG00000137393,RNF144B,GO:0006915,apoptosis
615,ENSG00000096717,SIRT1,GO:0006915,apoptosis
616,ENSG00000227140,USP17L5,GO:0006915,apoptosis
617,ENSG00000164885,CDK5,GO:0006915,apoptosis
618,ENSG00000235780,USP17L27,GO:0006915,apoptosis
619,ENSG00000231051,USP17L28,GO:0006915,apoptosis
620,ENSG00000231637,USP17L29,GO:0006915,apoptosis
621,ENSG00000228856,USP17L30,GO:0006915,apoptosis
622,ENSG00000232264,USP17L24,GO:0006915,apoptosis
623,ENSG00000230430,USP17L25,GO:0006915,apoptosis
624,ENSG00000229579,USP17L26,GO:0006915,apoptosis
625,ENSG00000186787,SPIN2B,GO:0006915,apoptosis
626,ENSG00000121858,TNFSF10,GO:0006915,apoptosis
627,ENSG00000278789,NLRP2,GO:0006915,apoptosis
628,ENSG00000273833,TFPT,GO:0006915,apoptosis
629,ENSG00000276263,TFPT,GO:0006915,apoptosis
630,ENSG00000028137,TNFRSF1B,GO:0006915,apoptosis
631,ENSG00000170476,MZB1,GO:0006915,apoptosis
632,ENSG00000164107,HAND2,GO:0006915,apoptosis
633,ENSG00000006432,MAP3K9,GO:0006915,apoptosis
634,ENSG00000276323,TFPT,GO:0006915,apoptosis
635,ENSG00000155876,RRAGA,GO:0006915,apoptosis
636,ENSG00000116954,RRAGC,GO:0006915,apoptosis
637,ENSG00000185686,PRAME,GO:0006915,apoptosis
638,ENSG00000119682,AREL1,GO:0006915,apoptosis
639,ENSG00000144331,ZNF385B,GO:0006915,apoptosis
640,ENSG00000144118,RALB,GO:0006915,apoptosis
641,ENSG00000135960,EDAR,GO:0006915,apoptosis
642,ENSG00000109099,PMP22,GO:0006915,apoptosis
643,ENSG00000275796,NLRP2,GO:0006915,apoptosis
644,ENSG00000107831,FGF8,GO:0006915,apoptosis
645,ENSG00000145779,TNFAIP8,GO:0006915,apoptosis
646,ENSG00000103490,PYCARD,GO:0006915,apoptosis
647,ENSG00000109079,TNFAIP1,GO:0006915,apoptosis
648,ENSG00000186810,CXCR3,GO:0006915,apoptosis
649,ENSG00000262217,SLC5A8,GO:0006915,apoptosis
650,ENSG00000121380,BCL2L14,GO:0006915,apoptosis
651,ENSG00000164543,STK17A,GO:0006915,apoptosis
652,ENSG00000151748,SAV1,GO:0006915,apoptosis
653,ENSG00000079134,THOC1,GO:0006915,apoptosis
654,ENSG00000142192,APP,GO:0006915,apoptosis
655,ENSG00000101266,CSNK2A1,GO:0006915,apoptosis
656,ENSG00000165943,MOAP1,GO:0006915,apoptosis
657,ENSG00000273859,RASSF7,GO:0006915,apoptosis
658,ENSG00000139687,RB1,GO:0006915,apoptosis
659,ENSG00000274538,PHLDA2,GO:0006915,apoptosis
660,ENSG00000196730,DAPK1,GO:0006915,apoptosis
661,ENSG00000101191,DIDO1,GO:0006915,apoptosis
662,ENSG00000160255,ITGB2,GO:0006915,apoptosis
663,ENSG00000106100,NOD1,GO:0006915,apoptosis
664,ENSG00000106546,AHR,GO:0006915,apoptosis
665,ENSG00000129562,DAD1,GO:0006915,apoptosis
666,ENSG00000283082,LGALS7,GO:0006915,apoptosis
667,ENSG00000282902,LGALS7B,GO:0006915,apoptosis
668,ENSG00000130222,GADD45G,GO:0006915,apoptosis
669,ENSG00000082397,EPB41L3,GO:0006915,apoptosis
670,ENSG00000089486,CDIP1,GO:0006915,apoptosis
671,ENSG00000284099,SQSTM1,GO:0006915,apoptosis
672,ENSG00000284792,PTEN,GO:0006915,apoptosis
673,ENSG00000283059,KLLN,GO:0006915,apoptosis
674,ENSG00000015475,BID,GO:0006915,apoptosis
675,ENSG00000087586,AURKA,GO:0006915,apoptosis
676,ENSG00000174672,BRSK2,GO:0006915,apoptosis
677,ENSG00000100292,HMOX1,GO:0006915,apoptosis
678,ENSG00000165304,MELK,GO:0006915,apoptosis
679,ENSG00000170248,PDCD6IP,GO:0006915,apoptosis
680,ENSG00000263057,KRT20,GO:0006915,apoptosis
681,ENSG00000137133,HINT2,GO:0006915,apoptosis
682,ENSG00000276879,IFI27L2,GO:0006915,apoptosis
683,ENSG00000171310,CHST11,GO:0006915,apoptosis
684,ENSG00000242114,MTFP1,GO:0006915,apoptosis
685,ENSG00000131652,THOC6,GO:0006915,apoptosis
686,ENSG00000151929,BAG3,GO:0006915,apoptosis
687,ENSG00000185825,BCAP31,GO:0006915,apoptosis
688,ENSG00000276880,IFI27L1,GO:0006915,apoptosis
689,ENSG00000242265,PEG10,GO:0006915,apoptosis
690,ENSG00000278268,MOAP1,GO:0006915,apoptosis
691,ENSG00000172819,RARG,GO:0006915,apoptosis
692,ENSG00000101843,PSMD10,GO:0006915,apoptosis
693,ENSG00000275214,IFI27,GO:0006915,apoptosis
694,ENSG00000184990,SIVA1,GO:0006915,apoptosis
695,ENSG00000148346,LCN2,GO:0006915,apoptosis
696,ENSG00000171169,NAIF1,GO:0006915,apoptosis
697,ENSG00000183762,KREMEN1,GO:0006915,apoptosis
698,ENSG00000156709,AIFM1,GO:0006915,apoptosis
699,ENSG00000139644,TMBIM6,GO:0006915,apoptosis
700,ENSG00000243509,TNFRSF6B,GO:0006915,apoptosis
701,ENSG00000177425,PAWR,GO:0006915,apoptosis
702,ENSG00000005194,CIAPIN1,GO:0006915,apoptosis
703,ENSG00000126581,BECN1,GO:0006915,apoptosis
704,ENSG00000154764,WNT7A,GO:0006915,apoptosis
705,ENSG00000278211,TRIM69,GO:0006915,apoptosis
706,ENSG00000174808,BTC,GO:0006915,apoptosis
707,ENSG00000154229,PRKCA,GO:0006915,apoptosis
708,ENSG00000075240,GRAMD4,GO:0006915,apoptosis
709,ENSG00000142168,SOD1,GO:0006915,apoptosis
710,ENSG00000099968,BCL2L13,GO:0006915,apoptosis
711,ENSG00000127863,TNFRSF19,GO:0006915,apoptosis
712,ENSG00000102572,STK24,GO:0006915,apoptosis
713,ENSG00000160208,RRP1B,GO:0006915,apoptosis
714,ENSG00000183087,GAS6,GO:0006915,apoptosis
715,ENSG00000081913,PHLPP1,GO:0006915,apoptosis
716,ENSG00000176641,RNF152,GO:0006915,apoptosis
717,ENSG00000150907,FOXO1,GO:0006915,apoptosis
718,ENSG00000284228,TMEM102,GO:0006915,apoptosis
719,ENSG00000284009,PLSCR3,GO:0006915,apoptosis
720,ENSG00000281766,RYBP,GO:0006915,apoptosis
721,ENSG00000283949,DUX4,GO:0006915,apoptosis
722,ENSG00000292334,SLC25A6,GO:0006915,apoptosis
723,ENSG00000291428,BRSK2,GO:0006915,apoptosis
724,ENSG00000285199,CIDEB,GO:0006915,apoptosis
725,ENSG00000281449,BCL2L14,GO:0006915,apoptosis
726,ENSG00000074842,MYDGF,GO:0006915,apoptosis
727,ENSG00000182154,MRPL41,GO:0006915,apoptosis
728,ENSG00000145649,GZMA,GO:0006915,apoptosis
729,ENSG00000056558,TRAF1,GO:0006915,apoptosis
730,ENSG00000120159,CAAP1,GO:0006915,apoptosis
731,ENSG00000044115,CTNNA1,GO:0006915,apoptosis
732,ENSG00000171132,PRKCE,GO:0006915,apoptosis
733,ENSG00000119953,SMNDC1,GO:0006915,apoptosis
734,ENSG00000103423,DNAJA3,GO:0006915,apoptosis
735,ENSG00000096968,JAK2,GO:0006915,apoptosis
736,ENSG00000150760,DOCK1,GO:0006915,apoptosis
737,ENSG00000129465,RIPK3,GO:0006915,apoptosis
738,ENSG00000102010,BMX,GO:0006915,apoptosis
739,ENSG00000288297,ECSCR,GO:0006915,apoptosis
740,ENSG00000274811,CLPTM1L,GO:0006915,apoptosis
741,ENSG00000285379,RIPK3,GO:0006915,apoptosis
742,ENSG00000183844,FAM3B,GO:0006915,apoptosis
743,ENSG00000103126,AXIN1,GO:0006915,apoptosis
744,ENSG00000060339,CCAR1,GO:0006915,apoptosis
745,ENSG00000291761,MEF2D,GO:0006915,apoptosis
746,ENSG00000213782,DDX47,GO:0006915,apoptosis
747,ENSG00000101349,PAK5,GO:0006915,apoptosis
748,ENSG00000142156,COL6A1,GO:0006915,apoptosis
749,ENSG00000281614,INPP5D,GO:0006915,apoptosis
750,ENSG00000101412,E2F1,GO:0006915,apoptosis
751,ENSG00000288216,SLC5A11,GO:0006915,apoptosis
752,ENSG00000100985,MMP9,GO:0006915,apoptosis
753,ENSG00000157601,MX1,GO:0006915,apoptosis
754,ENSG00000100030,MAPK1,GO:0006915,apoptosis
755,ENSG00000187601,MAGEH1,GO:0006915,apoptosis
756,ENSG00000141682,PMAIP1,GO:0006915,apoptosis
757,ENSG00000171552,BCL2L1,GO:0006915,apoptosis
758,ENSG00000176194,CIDEA,GO:0006915,apoptosis
759,ENSG00000171791,BCL2,GO:0006915,apoptosis
760,ENSG00000283852,BCAP29,GO:0006915,apoptosis
761,ENSG00000128271,ADORA2A,GO:0006915,apoptosis
762,ENSG00000148481,MINDY3,GO:0006915,apoptosis
763,ENSG00000101197,BIRC7,GO:0006915,apoptosis
764,ENSG00000129521,EGLN3,GO:0006915,apoptosis
765,ENSG00000288475,CASP8AP2,GO:0006915,apoptosis
766,ENSG00000198355,PIM3,GO:0006915,apoptosis
767,ENSG00000126778,SIX1,GO:0006915,apoptosis
768,ENSG00000136108,CKAP2,GO:0006915,apoptosis
769,ENSG00000169100,SLC25A6,GO:0006915,apoptosis
770,ENSG00000196074,SYCP2,GO:0006915,apoptosis
771,ENSG00000088325,TPX2,GO:0006915,apoptosis
772,ENSG00000196262,PPIA,GO:0006915,apoptosis
773,ENSG00000054967,RELT,GO:0006915,apoptosis
774,ENSG00000168918,INPP5D,GO:0006915,apoptosis
775,ENSG00000140464,PML,GO:0006915,apoptosis
776,ENSG00000170458,CD14,GO:0006915,apoptosis
777,ENSG00000127152,BCL11B,GO:0006915,apoptosis
778,ENSG00000169435,RASSF6,GO:0006915,apoptosis
779,ENSG00000108387,SEPTIN4,GO:0006915,apoptosis
780,ENSG00000153071,DAB2,GO:0006915,apoptosis
781,ENSG00000172059,KLF11,GO:0006915,apoptosis
782,ENSG00000131323,TRAF3,GO:0006915,apoptosis
783,ENSG00000234651,BAG6,GO:0006915,apoptosis
784,ENSG00000167986,DDB1,GO:0006915,apoptosis
785,ENSG00000110925,CSRNP2,GO:0006915,apoptosis
786,ENSG00000103024,NME3,GO:0006915,apoptosis
787,ENSG00000132357,CARD6,GO:0006915,apoptosis
788,ENSG00000106290,TAF6,GO:0006915,apoptosis
789,ENSG00000143878,RHOB,GO:0006915,apoptosis
790,ENSG00000096155,BAG6,GO:0006915,apoptosis
791,ENSG00000213918,DNASE1,GO:0006915,apoptosis
792,ENSG00000119048,UBE2B,GO:0006915,apoptosis
793,ENSG00000080815,PSEN1,GO:0006915,apoptosis
794,ENSG00000258643,BCL2L2-PABPN1,GO:0006915,apoptosis
795,ENSG00000228760,BAG6,GO:0006915,apoptosis
796,ENSG00000104228,TRIM35,GO:0006915,apoptosis
797,ENSG00000140030,GPR65,GO:0006915,apoptosis
798,ENSG00000156687,UNC5D,GO:0006915,apoptosis
799,ENSG00000198836,OPA1,GO:0006915,apoptosis
800,ENSG00000113763,UNC5A,GO:0006915,apoptosis
801,ENSG00000137824,RMDN3,GO:0006915,apoptosis
802,ENSG00000226437,TRIM39,GO:0006915,apoptosis
803,ENSG00000206495,TRIM39,GO:0006915,apoptosis
804,ENSG00000169018,FEM1B,GO:0006915,apoptosis
805,ENSG00000170296,GABARAP,GO:0006915,apoptosis
806,ENSG00000188379,IFNA2,GO:0006915,apoptosis
807,ENSG00000160570,DEDD2,GO:0006915,apoptosis
808,ENSG00000168824,NSG1,GO:0006915,apoptosis
809,ENSG00000197256,KANK2,GO:0006915,apoptosis
810,ENSG00000147889,CDKN2A,GO:0006915,apoptosis
811,ENSG00000106009,BRAT1,GO:0006915,apoptosis
812,ENSG00000125931,CITED1,GO:0006915,apoptosis
813,ENSG00000165490,DDIAS,GO:0006915,apoptosis
814,ENSG00000164896,FASTK,GO:0006915,apoptosis
815,ENSG00000180370,PAK2,GO:0006915,apoptosis
816,ENSG00000227046,DAXX,GO:0006915,apoptosis
817,ENSG00000160049,DFFA,GO:0006915,apoptosis
818,ENSG00000158156,XKR8,GO:0006915,apoptosis
819,ENSG00000120907,ADRA1A,GO:0006915,apoptosis
820,ENSG00000055130,CUL1,GO:0006915,apoptosis
821,ENSG00000178934,LGALS7B,GO:0006915,apoptosis
822,ENSG00000185634,SHC4,GO:0006915,apoptosis
823,ENSG00000132676,DAP3,GO:0006915,apoptosis
824,ENSG00000233348,BAG6,GO:0006915,apoptosis
825,ENSG00000139193,CD27,GO:0006915,apoptosis
826,ENSG00000137776,SLTM,GO:0006915,apoptosis
827,ENSG00000136848,DAB2IP,GO:0006915,apoptosis
828,ENSG00000227761,BAG6,GO:0006915,apoptosis
829,ENSG00000292210,PIM2,GO:0006915,apoptosis
830,ENSG00000206206,DAXX,GO:0006915,apoptosis
831,ENSG00000113734,BNIP1,GO:0006915,apoptosis
832,ENSG00000134398,ERN2,GO:0006915,apoptosis
833,ENSG00000166501,PRKCB,GO:0006915,apoptosis
834,ENSG00000275410,HNF1B,GO:0006915,apoptosis
835,ENSG00000185650,ZFP36L1,GO:0006915,apoptosis
836,ENSG00000167034,NKX3-1,GO:0006915,apoptosis
837,ENSG00000175325,PROP1,GO:0006915,apoptosis
838,ENSG00000166289,PLEKHF1,GO:0006915,apoptosis
839,ENSG00000231617,DAXX,GO:0006915,apoptosis
840,ENSG00000118495,PLAGL1,GO:0006915,apoptosis
841,ENSG00000106305,AIMP2,GO:0006915,apoptosis
842,ENSG00000076604,TRAF4,GO:0006915,apoptosis
843,ENSG00000198873,GRK5,GO:0006915,apoptosis
844,ENSG00000116688,MFN2,GO:0006915,apoptosis
845,ENSG00000215301,DDX3X,GO:0006915,apoptosis
846,ENSG00000156970,BUB1B,GO:0006915,apoptosis
847,ENSG00000088808,PPP1R13B,GO:0006915,apoptosis
848,ENSG00000164305,CASP3,GO:0006915,apoptosis
849,ENSG00000206478,IER3,GO:0006915,apoptosis
850,ENSG00000213030,CGB8,GO:0006915,apoptosis
851,ENSG00000121351,IAPP,GO:0006915,apoptosis
852,ENSG00000205076,LGALS7,GO:0006915,apoptosis
853,ENSG00000104827,CGB3,GO:0006915,apoptosis
854,ENSG00000239306,RBM14,GO:0006915,apoptosis
855,ENSG00000169679,BUB1,GO:0006915,apoptosis
856,ENSG00000107187,LHX3,GO:0006915,apoptosis
857,ENSG00000171862,PTEN,GO:0006915,apoptosis
858,ENSG00000131467,PSME3,GO:0006915,apoptosis
859,ENSG00000206279,DAXX,GO:0006915,apoptosis
860,ENSG00000158865,SLC5A11,GO:0006915,apoptosis
861,ENSG00000075790,BCAP29,GO:0006915,apoptosis
862,ENSG00000187486,KCNJ11,GO:0006915,apoptosis
863,ENSG00000149932,TMEM219,GO:0006915,apoptosis
864,ENSG00000142871,CCN1,GO:0006915,apoptosis
865,ENSG00000128463,EMC4,GO:0006915,apoptosis
866,ENSG00000166681,BEX3,GO:0006915,apoptosis
867,ENSG00000169230,PRELID1,GO:0006915,apoptosis
868,ENSG00000142208,AKT1,GO:0006915,apoptosis
869,ENSG00000104884,ERCC2,GO:0006915,apoptosis
870,ENSG00000120057,SFRP5,GO:0006915,apoptosis
871,ENSG00000120471,TP53AIP1,GO:0006915,apoptosis
872,ENSG00000073282,TP63,GO:0006915,apoptosis
873,ENSG00000104765,BNIP3L,GO:0006915,apoptosis
874,ENSG00000099875,MKNK2,GO:0006915,apoptosis
875,ENSG00000231408,LTA,GO:0006915,apoptosis
876,ENSG00000196954,CASP4,GO:0006915,apoptosis
877,ENSG00000163687,DNASE1L3,GO:0006915,apoptosis
878,ENSG00000137757,CASP5,GO:0006915,apoptosis
879,ENSG00000105619,TFPT,GO:0006915,apoptosis
880,ENSG00000102096,PIM2,GO:0006915,apoptosis
881,ENSG00000230128,IER3,GO:0006915,apoptosis
882,ENSG00000126756,UXT,GO:0006915,apoptosis
883,ENSG00000109906,ZBTB16,GO:0006915,apoptosis
884,ENSG00000180855,ZNF443,GO:0006915,apoptosis
885,ENSG00000168884,TNIP2,GO:0006915,apoptosis
886,ENSG00000197223,C1D,GO:0006915,apoptosis
887,ENSG00000109320,NFKB1,GO:0006915,apoptosis
888,ENSG00000074603,DPP8,GO:0006915,apoptosis
889,ENSG00000105701,FKBP8,GO:0006915,apoptosis
890,ENSG00000221947,XKR9,GO:0006915,apoptosis
891,ENSG00000181026,AEN,GO:0006915,apoptosis
892,ENSG00000066468,FGFR2,GO:0006915,apoptosis
893,ENSG00000137573,SULF1,GO:0006915,apoptosis
894,ENSG00000097007,ABL1,GO:0006915,apoptosis
895,ENSG00000181852,RNF41,GO:0006915,apoptosis
896,ENSG00000165949,IFI27,GO:0006915,apoptosis
897,ENSG00000215012,RTL10,GO:0006915,apoptosis
898,ENSG00000197406,DIO3,GO:0006915,apoptosis
899,ENSG00000213853,EMP2,GO:0006915,apoptosis
900,ENSG00000104881,PPP1R13L,GO:0006915,apoptosis
901,ENSG00000107731,UNC5B,GO:0006915,apoptosis
902,ENSG00000106144,CASP2,GO:0006915,apoptosis
903,ENSG00000135903,PAX3,GO:0006915,apoptosis
904,ENSG00000122133,PAEP,GO:0006915,apoptosis
905,ENSG00000134531,EMP1,GO:0006915,apoptosis
906,ENSG00000137275,RIPK1,GO:0006915,apoptosis
907,ENSG00000109736,MFSD10,GO:0006915,apoptosis
908,ENSG00000189052,CGB5,GO:0006915,apoptosis
909,ENSG00000138449,SLC40A1,GO:0006915,apoptosis
910,ENSG00000070770,CSNK2A2,GO:0006915,apoptosis
911,ENSG00000106772,PRUNE2,GO:0006915,apoptosis
912,ENSG00000269335,IKBKG,GO:0006915,apoptosis
913,ENSG00000134216,CHIA,GO:0006915,apoptosis
914,ENSG00000101109,STK4,GO:0006915,apoptosis
915,ENSG00000134460,IL2RA,GO:0006915,apoptosis
916,ENSG00000288675,PANO1,GO:0006915,apoptosis
917,ENSG00000127191,TRAF2,GO:0006915,apoptosis
918,ENSG00000167601,AXL,GO:0006915,apoptosis
919,ENSG00000125347,IRF1,GO:0006915,apoptosis
920,ENSG00000170312,CDK1,GO:0006915,apoptosis
921,ENSG00000100393,EP300,GO:0006915,apoptosis
922,ENSG00000230308,TRIM39,GO:0006915,apoptosis
923,ENSG00000119969,HELLS,GO:0006915,apoptosis
924,ENSG00000229524,BAG6,GO:0006915,apoptosis
925,ENSG00000076984,MAP2K7,GO:0006915,apoptosis
926,ENSG00000230279,LTA,GO:0006915,apoptosis
927,ENSG00000138794,CASP6,GO:0006915,apoptosis
928,ENSG00000092871,RFFL,GO:0006915,apoptosis
929,ENSG00000146674,IGFBP3,GO:0006915,apoptosis
930,ENSG00000100290,BIK,GO:0006915,apoptosis
931,ENSG00000101966,XIAP,GO:0006915,apoptosis
932,ENSG00000224994,TRIM39,GO:0006915,apoptosis
933,ENSG00000155849,ELMO1,GO:0006915,apoptosis
934,ENSG00000065613,SLK,GO:0006915,apoptosis
935,ENSG00000026103,FAS,GO:0006915,apoptosis
936,ENSG00000171497,PPID,GO:0006915,apoptosis
937,ENSG00000099849,RASSF7,GO:0006915,apoptosis
938,ENSG00000178607,ERN1,GO:0006915,apoptosis
939,ENSG00000100219,XBP1,GO:0006915,apoptosis
940,ENSG00000165188,RNF183,GO:0006915,apoptosis
941,ENSG00000106571,GLI3,GO:0006915,apoptosis
942,ENSG00000151615,POU4F2,GO:0006915,apoptosis
943,ENSG00000078237,TIGAR,GO:0006915,apoptosis
944,ENSG00000128602,SMO,GO:0006915,apoptosis
945,ENSG00000111653,ING4,GO:0006915,apoptosis
946,ENSG00000166971,AKTIP,GO:0006915,apoptosis
947,ENSG00000165806,CASP7,GO:0006915,apoptosis
948,ENSG00000278161,TFPT,GO:0006915,apoptosis
949,ENSG00000101255,TRIB3,GO:0006915,apoptosis
950,ENSG00000130427,EPO,GO:0006915,apoptosis
951,ENSG00000278613,NAIP,GO:0006915,apoptosis
952,ENSG00000165678,GHITM,GO:0006915,apoptosis
953,ENSG00000183765,CHEK2,GO:0006915,apoptosis
954,ENSG00000276022,TFPT,GO:0006915,apoptosis
955,ENSG00000102871,TRADD,GO:0006915,apoptosis
956,ENSG00000102890,ELMO3,GO:0006915,apoptosis
957,ENSG00000126456,IRF3,GO:0006915,apoptosis
958,ENSG00000062598,ELMO2,GO:0006915,apoptosis
959,ENSG00000171431,KRT20,GO:0006915,apoptosis
960,ENSG00000256053,COA8,GO:0006915,apoptosis
961,ENSG00000133318,RTN3,GO:0006915,apoptosis
962,ENSG00000129675,ARHGEF6,GO:0006915,apoptosis
963,ENSG00000133317,LGALS12,GO:0006915,apoptosis
964,ENSG00000100453,GZMB,GO:0006915,apoptosis
965,ENSG00000010671,BTK,GO:0006915,apoptosis
966,ENSG00000278682,NLRP2,GO:0006915,apoptosis
967,ENSG00000116824,CD2,GO:0006915,apoptosis
968,ENSG00000184304,PRKD1,GO:0006915,apoptosis
969,ENSG00000081026,MAGI3,GO:0006915,apoptosis
970,ENSG00000156475,PPP2R2B,GO:0006915,apoptosis
971,ENSG00000089685,BIRC5,GO:0006915,apoptosis
972,ENSG00000163331,DAPL1,GO:0006915,apoptosis
973,ENSG00000226979,LTA,GO:0006915,apoptosis
974,ENSG00000235030,IER3,GO:0006915,apoptosis
975,ENSG00000002330,BAD,GO:0006915,apoptosis
976,ENSG00000174744,BRMS1,GO:0006915,apoptosis
977,ENSG00000088986,DYNLL1,GO:0006915,apoptosis
978,ENSG00000170855,TRIAP1,GO:0006915,apoptosis
979,ENSG00000179364,PACS2,GO:0006915,apoptosis
980,ENSG00000179021,C3orf38,GO:0006915,apoptosis
981,ENSG00000092421,SEMA6A,GO:0006915,apoptosis
982,ENSG00000232839,TRIM39,GO:0006915,apoptosis
983,ENSG00000198947,DMD,GO:0006915,apoptosis
984,ENSG00000143194,MAEL,GO:0006915,apoptosis
985,ENSG00000172977,KAT5,GO:0006915,apoptosis
986,ENSG00000130734,ATG4D,GO:0006915,apoptosis
987,ENSG00000106635,BCL7B,GO:0006915,apoptosis
988,ENSG00000114209,PDCD10,GO:0006915,apoptosis
989,ENSG00000204628,RACK1,GO:0006915,apoptosis
990,ENSG00000163874,ZC3H12A,GO:0006915,apoptosis
991,ENSG00000127946,HIP1,GO:0006915,apoptosis
992,ENSG00000249915,PDCD6,GO:0006915,apoptosis
993,ENSG00000188313,PLSCR1,GO:0006915,apoptosis
994,ENSG00000119408,NEK6,GO:0006915,apoptosis
995,ENSG00000135333,EPHA7,GO:0006915,apoptosis
996,ENSG00000090432,MUL1,GO:0006915,apoptosis
997,ENSG00000227231,IER3,GO:0006915,apoptosis
998,ENSG00000197386,HTT,GO:0006915,apoptosis
999,ENSG00000065243,PKN2,GO:0006915,apoptosis
1000,ENSG00000111640,GAPDH,GO:0006915,apoptosis
1001,ENSG00000197540,GZMM,GO:0006915,apoptosis
1002,ENSG00000106052,TAX1BP1,GO:0006915,apoptosis
1003,ENSG00000099385,BCL7C,GO:0006915,apoptosis
1004,ENSG00000112033,PPARD,GO:0006915,apoptosis
1005,ENSG00000164022,AIMP1,GO:0006915,apoptosis
1006,ENSG00000229929,TRIM39,GO:0006915,apoptosis
1007,ENSG00000109332,UBE2D3,GO:0006915,apoptosis
1008,ENSG00000111321,LTBR,GO:0006915,apoptosis
1009,ENSG00000147162,OGT,GO:0006915,apoptosis
1010,ENSG00000137331,IER3,GO:0006915,apoptosis
1011,ENSG00000135116,HRK,GO:0006915,apoptosis
1012,ENSG00000237155,IER3,GO:0006915,apoptosis
1013,ENSG00000123358,NR4A1,GO:0006915,apoptosis
1014,ENSG00000109861,CTSC,GO:0006915,apoptosis
1015,ENSG00000182782,HCAR2,GO:0006915,apoptosis
1016,ENSG00000147010,SH3KBP1,GO:0006915,apoptosis
1017,ENSG00000213523,SRA1,GO:0006915,apoptosis
1018,ENSG00000136305,CIDEB,GO:0006915,apoptosis
1019,ENSG00000169344,UMOD,GO:0006915,apoptosis
1020,ENSG00000133134,BEX2,GO:0006915,apoptosis
1021,ENSG00000187288,CIDEC,GO:0006915,apoptosis
1022,ENSG00000135476,ESPL1,GO:0006915,apoptosis
1023,ENSG00000162409,PRKAA2,hsa04140,autophagy
1024,ENSG00000072062,PRKACA,hsa04140,autophagy
1025,ENSG00000288516,PRKACA,hsa04140,autophagy
1026,ENSG00000132356,PRKAA1,hsa04140,autophagy
1027,ENSG00000155876,RRAGA,hsa04140,autophagy
1028,ENSG00000025039,RRAGD,hsa04140,autophagy
1029,ENSG00000181652,ATG9B,hsa04140,autophagy
1030,ENSG00000198925,ATG9A,hsa04140,autophagy
1031,ENSG00000102710,SUPT20H,hsa04140,autophagy
1032,ENSG00000223731,SUPT20HL1,hsa04140,autophagy
1033,ENSG00000283741,SMCR8,hsa04140,autophagy
1034,ENSG00000176994,SMCR8,hsa04140,autophagy
1035,ENSG00000164253,WDR41,hsa04140,autophagy
1036,ENSG00000147894,C9orf72,hsa04140,autophagy
1037,ENSG00000167461,RAB8A,hsa04140,autophagy
1038,ENSG00000155961,RAB39B,hsa04140,autophagy
1039,ENSG00000284099,SQSTM1,hsa04140,autophagy
1040,ENSG00000161011,SQSTM1,hsa04140,autophagy
1041,ENSG00000183735,TBK1,hsa04140,autophagy
1042,ENSG00000136560,TANK,hsa04140,autophagy
1043,ENSG00000138069,RAB1A,hsa04140,autophagy
1044,ENSG00000083750,RRAGB,hsa04140,autophagy
1045,ENSG00000116954,RRAGC,hsa04140,autophagy
1046,ENSG00000118046,STK11,hsa04140,autophagy
1047,ENSG00000223611,SUPT20HL2,hsa04140,autophagy
1048,ENSG00000163625,WDFY3,hsa04140,autophagy
1049,ENSG00000196998,WDR45,hsa04140,autophagy
1050,ENSG00000155792,DEPTOR,hsa04140,autophagy
1051,ENSG00000141564,RPTOR,hsa04140,autophagy
1052,ENSG00000106615,RHEB,hsa04140,autophagy
1053,ENSG00000165699,TSC1,hsa04140,autophagy
1054,ENSG00000103197,TSC2,hsa04140,autophagy
1055,ENSG00000168209,DDIT4,hsa04140,autophagy
1056,ENSG00000198793,MTOR,hsa04140,autophagy
1057,ENSG00000100644,HIF1A,hsa04140,autophagy
1058,ENSG00000100030,MAPK1,hsa04140,autophagy
1059,ENSG00000126934,MAP2K2,hsa04140,autophagy
1060,ENSG00000169032,MAP2K1,hsa04140,autophagy
1061,ENSG00000132155,RAF1,hsa04140,autophagy
1062,ENSG00000133818,RRAS2,hsa04140,autophagy
1063,ENSG00000126458,RRAS,hsa04140,autophagy
1064,ENSG00000102882,MAPK3,hsa04140,autophagy
1065,ENSG00000204673,AKT1S1,hsa04140,autophagy
1066,ENSG00000167965,MLST8,hsa04140,autophagy
1067,ENSG00000108443,RPS6KB1,hsa04140,autophagy
1068,ENSG00000142875,PRKACB,hsa04140,autophagy
1069,ENSG00000141580,WDR45B,hsa04140,autophagy
1070,ENSG00000070540,WIPI1,hsa04140,autophagy
1071,ENSG00000157954,WIPI2,hsa04140,autophagy
1072,ENSG00000066739,ATG2B,hsa04140,autophagy
1073,ENSG00000110046,ATG2A,hsa04140,autophagy
1074,ENSG00000023287,RB1CC1,hsa04140,autophagy
1075,ENSG00000123395,ATG101,hsa04140,autophagy
1076,ENSG00000175224,ATG13,hsa04140,autophagy
1077,ENSG00000083290,ULK2,hsa04140,autophagy
1078,ENSG00000177169,ULK1,hsa04140,autophagy
1079,ENSG00000104695,PPP2CB,hsa04140,autophagy
1080,ENSG00000113575,PPP2CA,hsa04140,autophagy
1081,ENSG00000089289,IGBP1,hsa04140,autophagy
1082,ENSG00000175634,RPS6KB2,hsa04140,autophagy
1083,ENSG00000292221,WDR45,hsa04140,autophagy
1084,ENSG00000165059,PRKACG,hsa04140,autophagy
1085,ENSG00000165828,PRAP1,hsa04140,autophagy
1086,ENSG00000107643,MAPK8,hsa04140,autophagy
1087,ENSG00000163719,MTMR14,hsa04140,autophagy
1088,ENSG00000165861,ZFYVE1,hsa04140,autophagy
1089,ENSG00000145782,ATG12,hsa04140,autophagy
1090,ENSG00000057663,ATG5,hsa04140,autophagy
1091,ENSG00000281089,ATG16L1,hsa04140,autophagy
1092,ENSG00000085978,ATG16L1,hsa04140,autophagy
1093,ENSG00000168010,ATG16L2,hsa04140,autophagy
1094,ENSG00000197548,ATG7,hsa04140,autophagy
1095,ENSG00000152348,ATG10,hsa04140,autophagy
1096,ENSG00000144848,ATG3,hsa04140,autophagy
1097,ENSG00000003402,CFLAR,hsa04140,autophagy
1098,ENSG00000172007,RAB33B,hsa04140,autophagy
1099,ENSG00000065675,PRKCQ,hsa04140,autophagy
1100,ENSG00000108389,MTMR4,hsa04140,autophagy
1101,ENSG00000170296,GABARAP,hsa04140,autophagy
1102,ENSG00000034713,GABARAPL2,hsa04140,autophagy
1103,ENSG00000197769,MAP1LC3C,hsa04140,autophagy
1104,ENSG00000140941,MAP1LC3B,hsa04140,autophagy
1105,ENSG00000101460,MAP1LC3A,hsa04140,autophagy
1106,ENSG00000258102,MAP1LC3B2,hsa04140,autophagy
1107,ENSG00000101844,ATG4A,hsa04140,autophagy
1108,ENSG00000168397,ATG4B,hsa04140,autophagy
1109,ENSG00000125703,ATG4C,hsa04140,autophagy
1110,ENSG00000130734,ATG4D,hsa04140,autophagy
1111,ENSG00000188554,NBR1,hsa04140,autophagy
1112,ENSG00000123240,OPTN,hsa04140,autophagy
1113,ENSG00000136436,CALCOCO2,hsa04140,autophagy
1114,ENSG00000106052,TAX1BP1,hsa04140,autophagy
1115,ENSG00000139112,GABARAPL1,hsa04140,autophagy
1116,ENSG00000163932,PRKCD,hsa04140,autophagy
1117,ENSG00000100330,MTMR3,hsa04140,autophagy
1118,ENSG00000128829,EIF2AK4,hsa04140,autophagy
1119,ENSG00000109339,MAPK10,hsa04140,autophagy
1120,ENSG00000050748,MAPK9,hsa04140,autophagy
1121,ENSG00000171791,BCL2,hsa04140,autophagy
1122,ENSG00000171552,BCL2L1,hsa04140,autophagy
1123,ENSG00000002330,BAD,hsa04140,autophagy
1124,ENSG00000126581,BECN1,hsa04140,autophagy
1125,ENSG00000196289,BECN2,hsa04140,autophagy
1126,ENSG00000148572,NRBF2,hsa04140,autophagy
1127,ENSG00000196455,PIK3R4,hsa04140,autophagy
1128,ENSG00000078142,PIK3C3,hsa04140,autophagy
1129,ENSG00000126775,ATG14,hsa04140,autophagy
1130,ENSG00000110497,AMBRA1,hsa04140,autophagy
1131,ENSG00000175104,TRAF6,hsa04140,autophagy
1132,ENSG00000134001,EIF2S1,hsa04140,autophagy
1133,ENSG00000078804,TP53INP2,hsa04140,autophagy
1134,ENSG00000136874,STX17,hsa04140,autophagy
1135,ENSG00000198382,UVRAG,hsa04140,autophagy
1136,ENSG00000145016,RUBCN,hsa04140,autophagy
1137,ENSG00000110931,CAMKK2,hsa04140,autophagy
1138,ENSG00000135341,MAP3K7,hsa04140,autophagy
1139,ENSG00000178607,ERN1,hsa04140,autophagy
1140,ENSG00000150995,ITPR1,hsa04140,autophagy
1141,ENSG00000196730,DAPK1,hsa04140,autophagy
1142,ENSG00000167657,DAPK3,hsa04140,autophagy
1143,ENSG00000035664,DAPK2,hsa04140,autophagy
1144,ENSG00000189403,HMGB1,hsa04140,autophagy
1145,ENSG00000158186,MRAS,hsa04140,autophagy
1146,ENSG00000172071,EIF2AK3,hsa04140,autophagy
1147,ENSG00000062716,VMP1,hsa04140,autophagy
1148,ENSG00000213281,NRAS,hsa04140,autophagy
1149,ENSG00000221983,UBA52,hsa04140,autophagy
1150,ENSG00000174775,HRAS,hsa04140,autophagy
1151,ENSG00000139719,VPS33A,hsa04140,autophagy
1152,ENSG00000104142,VPS18,hsa04140,autophagy
1153,ENSG00000215305,VPS16,hsa04140,autophagy
1154,ENSG00000160695,VPS11,hsa04140,autophagy
1155,ENSG00000280616,VPS11,hsa04140,autophagy
1156,ENSG00000225190,PLEKHM1,hsa04140,autophagy
1157,ENSG00000166887,VPS39,hsa04140,autophagy
1158,ENSG00000276358,PLEKHM1,hsa04140,autophagy
1159,ENSG00000152223,EPG5,hsa04140,autophagy
1160,ENSG00000079950,STX7,hsa04140,autophagy
1161,ENSG00000106636,YKT6,hsa04140,autophagy
1162,ENSG00000118640,VAMP8,hsa04140,autophagy
1163,ENSG00000099940,SNAP29,hsa04140,autophagy
1164,ENSG00000150991,UBC,hsa04140,autophagy
1165,ENSG00000277111,PLEKHM1,hsa04140,autophagy
1166,ENSG00000133703,KRAS,hsa04140,autophagy
1167,ENSG00000006715,VPS41,hsa04140,autophagy
1168,ENSG00000115806,GORASP2,hsa04140,autophagy
1169,ENSG00000176171,BNIP3,GO:0048102,autophagy
1170,ENSG00000129355,CDKN2D,GO:0048102,autophagy
1171,ENSG00000111276,CDKN1B,GO:0048102,autophagy
1172,ENSG00000164938,TP53INP1,GO:0048102,autophagy
1173,ENSG00000097033,SH3GLB1,GO:0048102,autophagy
1174,ENSG00000164733,CTSB,hsa04140,autophagy
1175,ENSG00000115760,BIRC6,hsa04140,autophagy
1176,ENSG00000285132,CTSB,hsa04140,autophagy
1177,ENSG00000117984,CTSD,hsa04140,autophagy
1178,ENSG00000005893,LAMP2,hsa04140,autophagy
1179,ENSG00000185896,LAMP1,hsa04140,autophagy
1180,ENSG00000276600,RAB7B,hsa04140,autophagy
1181,ENSG00000075785,RAB7A,hsa04140,autophagy
1182,ENSG00000114745,GORASP1,hsa04140,autophagy
1183,ENSG00000135047,CTSL,hsa04140,autophagy
1184,ENSG00000143947,RPS27A,hsa04140,autophagy
1185,ENSG00000170315,UBB,hsa04140,autophagy
1186,ENSG00000121879,PIK3CA,hsa04140,autophagy
1187,ENSG00000254647,INS,hsa04140,autophagy
1188,ENSG00000140443,IGF1R,hsa04140,autophagy
1189,ENSG00000169047,IRS1,hsa04140,autophagy
1190,ENSG00000185950,IRS2,hsa04140,autophagy
1191,ENSG00000133124,IRS4,hsa04140,autophagy
1192,ENSG00000171608,PIK3CD,hsa04140,autophagy
1193,ENSG00000145675,PIK3R1,hsa04140,autophagy
1194,ENSG00000105647,PIK3R2,hsa04140,autophagy
1195,ENSG00000117461,PIK3R3,hsa04140,autophagy
1196,ENSG00000051382,PIK3CB,hsa04140,autophagy
1197,ENSG00000140992,PDPK1,hsa04140,autophagy
1198,ENSG00000278139,P3R3URF-PIK3R3,hsa04140,autophagy
1199,ENSG00000171862,PTEN,hsa04140,autophagy
1200,ENSG00000284792,PTEN,hsa04140,autophagy
1201,ENSG00000117020,AKT3,hsa04140,autophagy
1202,ENSG00000276536,HRAS,hsa04140,autophagy
1203,ENSG00000275199,AKT3,hsa04140,autophagy
1204,ENSG00000105221,AKT2,hsa04140,autophagy
1205,ENSG00000142208,AKT1,hsa04140,autophagy
1206,ENSG00000266412,NCOA4,hsa04216,ferroptosis
1207,ENSG00000131669,NINJ1,GO:0097707,ferroptosis
1208,ENSG00000181867,FTMT,hsa04216,ferroptosis
1209,ENSG00000165168,CYBB,hsa04216,ferroptosis
1210,ENSG00000078668,VDAC3,hsa04216,ferroptosis
1211,ENSG00000165637,VDAC2,hsa04216,ferroptosis
1212,ENSG00000100292,HMOX1,hsa04216,ferroptosis
1213,ENSG00000171867,PRNP,hsa04216,ferroptosis
1214,ENSG00000167996,FTH1,hsa04216,ferroptosis
1215,ENSG00000197548,ATG7,hsa04216,ferroptosis
1216,ENSG00000169564,PCBP1,hsa04216,ferroptosis
1217,ENSG00000258102,MAP1LC3B2,hsa04216,ferroptosis
1218,ENSG00000047457,CP,hsa04216,ferroptosis
1219,ENSG00000138449,SLC40A1,hsa04216,ferroptosis
1220,ENSG00000197111,PCBP2,hsa04216,ferroptosis
1221,ENSG00000104635,SLC39A14,hsa04216,ferroptosis
1222,ENSG00000138821,SLC39A8,hsa04216,ferroptosis
1223,ENSG00000110911,SLC11A2,hsa04216,ferroptosis
1224,ENSG00000057663,ATG5,hsa04216,ferroptosis
1225,ENSG00000115107,STEAP3,hsa04216,ferroptosis
1226,ENSG00000072274,TFRC,hsa04216,ferroptosis
1227,ENSG00000091513,TF,hsa04216,ferroptosis
1228,ENSG00000130066,SAT1,hsa04216,ferroptosis
1229,ENSG00000141504,SAT2,hsa04216,ferroptosis
1230,ENSG00000161905,ALOX15,hsa04216,ferroptosis
1231,ENSG00000111684,LPCAT3,hsa04216,ferroptosis
1232,ENSG00000141510,TP53,hsa04216,ferroptosis
1233,ENSG00000197142,ACSL5,hsa04216,ferroptosis
1234,ENSG00000101460,MAP1LC3A,hsa04216,ferroptosis
1235,ENSG00000140941,MAP1LC3B,hsa04216,ferroptosis
1236,ENSG00000123983,ACSL3,hsa04216,ferroptosis
1237,ENSG00000087086,FTL,hsa04216,ferroptosis
1238,ENSG00000168003,SLC3A2,hsa04216,ferroptosis
1239,ENSG00000151012,SLC7A11,hsa04216,ferroptosis
1240,ENSG00000001084,GCLC,hsa04216,ferroptosis
1241,ENSG00000197769,MAP1LC3C,hsa04216,ferroptosis
1242,ENSG00000023909,GCLM,hsa04216,ferroptosis
1243,ENSG00000151726,ACSL1,hsa04216,ferroptosis
1244,ENSG00000068366,ACSL4,hsa04216,ferroptosis
1245,ENSG00000164398,ACSL6,hsa04216,ferroptosis
1246,ENSG00000167468,GPX4,hsa04216,ferroptosis
1247,ENSG00000100983,GSS,hsa04216,ferroptosis
1248,ENSG00000230143,FLOT1,R-HSA-5213460,necroptosis
1249,ENSG00000206379,FLOT1,R-HSA-5213460,necroptosis
1250,ENSG00000147162,OGT,R-HSA-5213460,necroptosis
1251,ENSG00000197442,MAP3K5,GO:0097300,necroptosis
1252,ENSG00000221983,UBA52,R-HSA-5213460,necroptosis
1253,ENSG00000170315,UBB,R-HSA-5213460,necroptosis
1254,ENSG00000143947,RPS27A,R-HSA-5213460,necroptosis
1255,ENSG00000150991,UBC,R-HSA-5213460,necroptosis
1256,ENSG00000103266,STUB1,R-HSA-5213460,necroptosis
1257,ENSG00000185345,PRKN,R-HSA-5213460,necroptosis
1258,ENSG00000132589,FLOT2,R-HSA-5213460,necroptosis
1259,ENSG00000206480,FLOT1,R-HSA-5213460,necroptosis
1260,ENSG00000232280,FLOT1,R-HSA-5213460,necroptosis
1261,ENSG00000078747,ITCH,R-HSA-5213460,necroptosis
1262,ENSG00000197329,PELI1,R-HSA-5213460,necroptosis
1263,ENSG00000185651,UBE2L3,R-HSA-5213460,necroptosis
1264,ENSG00000137575,SDCBP,R-HSA-5213460,necroptosis
1265,ENSG00000170248,PDCD6IP,R-HSA-5213460,necroptosis
1266,ENSG00000285379,RIPK3,GO:0097300,necroptosis
1267,ENSG00000131669,NINJ1,GO:0097300,necroptosis
1268,ENSG00000129465,RIPK3,GO:0097300,necroptosis
1269,ENSG00000126456,IRF3,GO:0097300,necroptosis
1270,ENSG00000105401,CDC37,R-HSA-5213460,necroptosis
1271,ENSG00000127191,TRAF2,GO:0097300,necroptosis
1272,ENSG00000198925,ATG9A,GO:0097300,necroptosis
1273,ENSG00000181652,ATG9B,GO:0097300,necroptosis
1274,ENSG00000137312,FLOT1,R-HSA-5213460,necroptosis
1275,ENSG00000137275,RIPK1,GO:0097300,necroptosis
1276,ENSG00000164695,CHMP4C,hsa04217,necroptosis
1277,ENSG00000196262,PPIA,hsa04217,necroptosis
1278,ENSG00000162909,CAPN2,hsa04217,necroptosis
1279,ENSG00000014216,CAPN1,hsa04217,necroptosis
1280,ENSG00000161905,ALOX15,hsa04217,necroptosis
1281,ENSG00000168907,PLA2G4F,hsa04217,necroptosis
1282,ENSG00000159337,PLA2G4D,hsa04217,necroptosis
1283,ENSG00000105499,PLA2G4C,hsa04217,necroptosis
1284,ENSG00000243708,PLA2G4B,hsa04217,necroptosis
1285,ENSG00000168970,JMJD7-PLA2G4B,hsa04217,necroptosis
1286,ENSG00000116711,PLA2G4A,hsa04217,necroptosis
1287,ENSG00000188089,PLA2G4E,hsa04217,necroptosis
1288,ENSG00000087086,FTL,hsa04217,necroptosis
1289,ENSG00000167996,FTH1,hsa04217,necroptosis
1290,ENSG00000050748,MAPK9,hsa04217,necroptosis
1291,ENSG00000109339,MAPK10,hsa04217,necroptosis
1292,ENSG00000107643,MAPK8,hsa04217,necroptosis
1293,ENSG00000100994,PYGB,hsa04217,necroptosis
1294,ENSG00000068976,PYGM,hsa04217,necroptosis
1295,ENSG00000166311,SMPD1,hsa04217,necroptosis
1296,ENSG00000168404,MLKL,hsa04217,necroptosis
1297,ENSG00000247077,PGAM5,hsa04217,necroptosis
1298,ENSG00000087470,DNM1L,hsa04217,necroptosis
1299,ENSG00000147457,CHMP7,hsa04217,necroptosis
1300,ENSG00000086065,CHMP5,hsa04217,necroptosis
1301,ENSG00000131165,CHMP1A,hsa04217,necroptosis
1302,ENSG00000255112,CHMP1B,hsa04217,necroptosis
1303,ENSG00000171791,BCL2,hsa04217,necroptosis
1304,ENSG00000119541,VPS4B,hsa04217,necroptosis
1305,ENSG00000176108,CHMP6,hsa04217,necroptosis
1306,ENSG00000254505,CHMP4A,hsa04217,necroptosis
1307,ENSG00000100504,PYGL,hsa04217,necroptosis
1308,ENSG00000285302,CHMP4A,hsa04217,necroptosis
1309,ENSG00000249884,RNF103-CHMP3,hsa04217,necroptosis
1310,ENSG00000115561,CHMP3,hsa04217,necroptosis
1311,ENSG00000083937,CHMP2B,hsa04217,necroptosis
1312,ENSG00000130724,CHMP2A,hsa04217,necroptosis
1313,ENSG00000125538,IL1B,hsa04217,necroptosis
1314,ENSG00000137752,CASP1,hsa04217,necroptosis
1315,ENSG00000103490,PYCARD,hsa04217,necroptosis
1316,ENSG00000162711,NLRP3,hsa04217,necroptosis
1317,ENSG00000101421,CHMP4B,hsa04217,necroptosis
1318,ENSG00000092439,TRPM7,hsa04217,necroptosis
1319,ENSG00000135821,GLUL,hsa04217,necroptosis
1320,ENSG00000182890,GLUD2,hsa04217,necroptosis
1321,ENSG00000092098,RNF31,hsa04217,necroptosis
1322,ENSG00000285152,RNF31,hsa04217,necroptosis
1323,ENSG00000125826,RBCK1,hsa04217,necroptosis
1324,ENSG00000101966,XIAP,hsa04217,necroptosis
1325,ENSG00000023445,BIRC3,hsa04217,necroptosis
1326,ENSG00000110330,BIRC2,hsa04217,necroptosis
1327,ENSG00000082512,TRAF5,hsa04217,necroptosis
1328,ENSG00000102871,TRADD,hsa04217,necroptosis
1329,ENSG00000067182,TNFRSF1A,hsa04217,necroptosis
1330,ENSG00000232810,TNF,hsa04217,necroptosis
1331,ENSG00000206439,TNF,hsa04217,necroptosis
1332,ENSG00000228321,TNF,hsa04217,necroptosis
1333,ENSG00000223952,TNF,hsa04217,necroptosis
1334,ENSG00000230108,TNF,hsa04217,necroptosis
1335,ENSG00000228849,TNF,hsa04217,necroptosis
1336,ENSG00000204490,TNF,hsa04217,necroptosis
1337,ENSG00000228978,TNF,hsa04217,necroptosis
1338,ENSG00000179526,SHARPIN,hsa04217,necroptosis
1339,ENSG00000158792,SPATA2L,hsa04217,necroptosis
1340,ENSG00000158480,SPATA2,hsa04217,necroptosis
1341,ENSG00000083799,CYLD,hsa04217,necroptosis
1342,ENSG00000288118,GLUD2,hsa04217,necroptosis
1343,ENSG00000078668,VDAC3,hsa04217,necroptosis
1344,ENSG00000165637,VDAC2,hsa04217,necroptosis
1345,ENSG00000213585,VDAC1,hsa04217,necroptosis
1346,ENSG00000171497,PPID,hsa04217,necroptosis
1347,ENSG00000151475,SLC25A31,hsa04217,necroptosis
1348,ENSG00000169100,SLC25A6,hsa04217,necroptosis
1349,ENSG00000292334,SLC25A6,hsa04217,necroptosis
1350,ENSG00000148672,GLUD1,hsa04217,necroptosis
1351,ENSG00000005022,SLC25A5,hsa04217,necroptosis
1352,ENSG00000148660,CAMK2G,hsa04217,necroptosis
1353,ENSG00000058404,CAMK2B,hsa04217,necroptosis
1354,ENSG00000145349,CAMK2D,hsa04217,necroptosis
1355,ENSG00000070808,CAMK2A,hsa04217,necroptosis
1356,ENSG00000165168,CYBB,hsa04217,necroptosis
1357,ENSG00000003402,CFLAR,hsa04217,necroptosis
1358,ENSG00000064012,CASP8,hsa04217,necroptosis
1359,ENSG00000168040,FADD,hsa04217,necroptosis
1360,ENSG00000151729,SLC25A4,hsa04217,necroptosis
1361,ENSG00000115008,IL1A,hsa04217,necroptosis
1362,ENSG00000132612,VPS4A,hsa04217,necroptosis
1363,ENSG00000189403,HMGB1,hsa04217,necroptosis
1364,ENSG00000181218,H2AC25,hsa04217,necroptosis
1365,ENSG00000284841,H2AC25,hsa04217,necroptosis
1366,ENSG00000164508,H2AC1,hsa04217,necroptosis
1367,ENSG00000274997,H2AC12,hsa04217,necroptosis
1368,ENSG00000184260,H2AC20,hsa04217,necroptosis
1369,ENSG00000188486,H2AX,hsa04217,necroptosis
1370,ENSG00000156709,AIFM1,hsa04217,necroptosis
1371,ENSG00000087088,BAX,hsa04217,necroptosis
1372,ENSG00000015475,BID,hsa04217,necroptosis
1373,ENSG00000143799,PARP1,hsa04217,necroptosis
1374,ENSG00000118503,TNFAIP3,hsa04217,necroptosis
1375,ENSG00000096384,HSP90AB1,hsa04217,necroptosis
1376,ENSG00000137033,IL33,hsa04217,necroptosis
1377,ENSG00000161011,SQSTM1,hsa04217,necroptosis
1378,ENSG00000284099,SQSTM1,hsa04217,necroptosis
1379,ENSG00000143258,USP21,hsa04217,necroptosis
1380,ENSG00000124256,ZBP1,hsa04217,necroptosis
1381,ENSG00000277745,H2AB3,hsa04217,necroptosis
1382,ENSG00000277075,H2AC8,hsa04217,necroptosis
1383,ENSG00000278463,H2AC4,hsa04217,necroptosis
1384,ENSG00000099284,MACROH2A2,hsa04217,necroptosis
1385,ENSG00000229674,H2AL3,hsa04217,necroptosis
1386,ENSG00000277858,H2AB2,hsa04217,necroptosis
1387,ENSG00000276903,H2AC16,hsa04217,necroptosis
1388,ENSG00000276368,H2AC14,hsa04217,necroptosis
1389,ENSG00000196747,H2AC13,hsa04217,necroptosis
1390,ENSG00000180573,H2AC6,hsa04217,necroptosis
1391,ENSG00000275221,H2AC15,hsa04217,necroptosis
1392,ENSG00000164032,H2AZ1,hsa04217,necroptosis
1393,ENSG00000164342,TLR3,hsa04217,necroptosis
1394,ENSG00000196866,H2AC7,hsa04217,necroptosis
1395,ENSG00000184270,H2AC21,hsa04217,necroptosis
1396,ENSG00000196787,H2AC11,hsa04217,necroptosis
1397,ENSG00000288825,H2AC18,hsa04217,necroptosis
1398,ENSG00000278677,H2AC17,hsa04217,necroptosis
1399,ENSG00000274183,H2AB1,hsa04217,necroptosis
1400,ENSG00000246705,H2AJ,hsa04217,necroptosis
1401,ENSG00000288859,H2AC19,hsa04217,necroptosis
1402,ENSG00000113648,MACROH2A1,hsa04217,necroptosis
1403,ENSG00000105968,H2AZ2,hsa04217,necroptosis
1404,ENSG00000127666,TICAM1,hsa04217,necroptosis
1405,ENSG00000080824,HSP90AA1,hsa04217,necroptosis
1406,ENSG00000136869,TLR4,hsa04217,necroptosis
1407,ENSG00000234829,IFNA17,hsa04217,necroptosis
1408,ENSG00000243414,TICAM2,hsa04217,necroptosis
1409,ENSG00000228083,IFNA14,hsa04217,necroptosis
1410,ENSG00000233816,IFNA13,hsa04217,necroptosis
1411,ENSG00000186803,IFNA10,hsa04217,necroptosis
1412,ENSG00000120242,IFNA8,hsa04217,necroptosis
1413,ENSG00000214042,IFNA7,hsa04217,necroptosis
1414,ENSG00000120235,IFNA6,hsa04217,necroptosis
1415,ENSG00000147873,IFNA5,hsa04217,necroptosis
1416,ENSG00000236637,IFNA4,hsa04217,necroptosis
1417,ENSG00000188379,IFNA2,hsa04217,necroptosis
1418,ENSG00000197919,IFNA1,hsa04217,necroptosis
1419,ENSG00000026103,FAS,hsa04217,necroptosis
1420,ENSG00000117560,FASLG,hsa04217,necroptosis
1421,ENSG00000120889,TNFRSF10B,hsa04217,necroptosis
1422,ENSG00000104689,TNFRSF10A,hsa04217,necroptosis
1423,ENSG00000121858,TNFSF10,hsa04217,necroptosis
1424,ENSG00000137080,IFNA21,hsa04217,necroptosis
1425,ENSG00000171855,IFNB1,hsa04217,necroptosis
1426,ENSG00000147885,IFNA16,hsa04217,necroptosis
1427,ENSG00000142166,IFNAR1,hsa04217,necroptosis
1428,ENSG00000055332,EIF2AK2,hsa04217,necroptosis
1429,ENSG00000213928,IRF9,hsa04217,necroptosis
1430,ENSG00000285048,IRF9,hsa04217,necroptosis
1431,ENSG00000166888,STAT6,hsa04217,necroptosis
1432,ENSG00000173757,STAT5B,hsa04217,necroptosis
1433,ENSG00000111537,IFNG,hsa04217,necroptosis
1434,ENSG00000138378,STAT4,hsa04217,necroptosis
1435,ENSG00000168610,STAT3,hsa04217,necroptosis
1436,ENSG00000170581,STAT2,hsa04217,necroptosis
1437,ENSG00000115415,STAT1,hsa04217,necroptosis
1438,ENSG00000126561,STAT5A,hsa04217,necroptosis
1439,ENSG00000105639,JAK3,hsa04217,necroptosis
1440,ENSG00000096968,JAK2,hsa04217,necroptosis
1441,ENSG00000162434,JAK1,hsa04217,necroptosis
1442,ENSG00000262795,IFNGR2,hsa04217,necroptosis
1443,ENSG00000159128,IFNGR2,hsa04217,necroptosis
1444,ENSG00000027697,IFNGR1,hsa04217,necroptosis
1445,ENSG00000159110,IFNAR2,hsa04217,necroptosis
1446,ENSG00000105397,TYK2,hsa04217,necroptosis
1447,ENSG00000137757,CASP5,R-HSA-5620971,pyroptosis
1448,ENSG00000164305,CASP3,R-HSA-5620971,pyroptosis
1449,ENSG00000087088,BAX,R-HSA-5620971,pyroptosis
1450,ENSG00000130724,CHMP2A,R-HSA-5620971,pyroptosis
1451,ENSG00000197561,ELANE,R-HSA-5620971,pyroptosis
1452,ENSG00000172115,CYCS,R-HSA-5620971,pyroptosis
1453,ENSG00000147457,CHMP7,R-HSA-5620971,pyroptosis
1454,ENSG00000137752,CASP1,R-HSA-5620971,pyroptosis
1455,ENSG00000196954,CASP4,R-HSA-5620971,pyroptosis
1456,ENSG00000164695,CHMP4C,R-HSA-5620971,pyroptosis
1457,ENSG00000115008,IL1A,R-HSA-5620971,pyroptosis
1458,ENSG00000141510,TP53,R-HSA-5620971,pyroptosis
1459,ENSG00000030110,BAK1,R-HSA-5620971,pyroptosis
1460,ENSG00000073282,TP63,R-HSA-5620971,pyroptosis
1461,ENSG00000105928,GSDME,GO:0141201,pyroptosis
1462,ENSG00000083937,CHMP2B,R-HSA-5620971,pyroptosis
1463,ENSG00000176108,CHMP6,R-HSA-5620971,pyroptosis
1464,ENSG00000125347,IRF1,R-HSA-5620971,pyroptosis
1465,ENSG00000100453,GZMB,R-HSA-5620971,pyroptosis
1466,ENSG00000277571,ELANE,R-HSA-5620971,pyroptosis
1467,ENSG00000125538,IL1B,R-HSA-5620971,pyroptosis
1468,ENSG00000254505,CHMP4A,R-HSA-5620971,pyroptosis
1469,ENSG00000189403,HMGB1,R-HSA-5620971,pyroptosis
1470,ENSG00000101421,CHMP4B,R-HSA-5620971,pyroptosis
1471,ENSG00000285302,CHMP4A,R-HSA-5620971,pyroptosis
1472,ENSG00000115561,CHMP3,R-HSA-5620971,pyroptosis
1473,ENSG00000104518,GSDMD,GO:0141201,pyroptosis
1474,ENSG00000278718,GSDMD,GO:0141201,pyroptosis
1475,ENSG00000131669,NINJ1,GO:0141201,pyroptosis
1476,ENSG00000168310,IRF2,R-HSA-5620971,pyroptosis
1477,ENSG00000150782,IL18,R-HSA-5620971,pyroptosis
